STL,English,Complexity
"(speed < 40) until[2,4] (passed_school_zone > 0)","The autonomous vehicle should maintain a speed less than 40 km/h until it has safely passed the school zone, which should occur within the first 2 to 4 minutes of its journey.",non-nested
"always[0,5](v > 90) -> eventually[5,65](fe < 15)","Whenever vehicle speed v exceeds 90 km/h for at least 5 consecutive minutes, the fuel efficiency fe must become less than 15 km/L within the subsequent hour.",non-nested
"always[0,5](p_1 > 100) -> eventually[0,15](v_1 > 20)","If the pressure p1 exceeds 100 psi continuously for 5 seconds, it will be followed within 15 seconds by vibration v1 exceeding 20 units at least once.",non-nested
"always[0,10](((20 <= p_1) and (p_1 <= 40)) and f_1 <= 100)","The pressure p1 remains between 20 to 40 psi at all times during the first 10 minutes, while simultaneously the flow rate f1 does not exceed 100 L/min for any moment within the same interval.",non-nested
"always[0,30](p1 > 80) -> always[0,60](v1 <= 40)","Whenever the pressure p1 exceeds 80 units continuously for at least 30 seconds, the vibration level v1 must not exceed 40 units anytime within the following 60 seconds.",non-nested
"always[0,300](h1 < 20) -> eventually[0,900](c1 > 75)","If humidity h1 remains less than 20% for more than 5 minutes from now, then at some point in the next 15 minutes, the concentration c1 should exceed 75 ppm.",non-nested
"always[0,10](p1 < 30) -> always[10,30](p1 > 25)","Whenever the pressure p1 remains below 30 units during the first 10 seconds, it must remain above 25 units throughout the subsequent 20 seconds.",non-nested
"always((p1 > 120) -> always[0,30](p1 > 100))","Every time the pressure p1 exceeds 120 units, it should remain above 100 units for at least the subsequent 30 seconds.",non-nested
"always[0,300](v1 <= 60)",The speed of vehicle v1 should not exceed 60 km/h during the first 5 minutes of operation.,non-nested
"always[0,5](y_1 < 1.5)",The signal y_1 must always remain less than 1.5 during the first 5 seconds.,non-nested
"always((obstacle_distance > 100) -> (speed >= 50)) and ((obstacle_distance <= 100) -> eventually[0,10](speed < 20))","The autonomous vehicle must maintain a speed of at least 50 km/h unless it detects an obstacle within 100 meters, in which case it should reduce speed to less than 20 km/h within 10 seconds.",non-nested
"always[0,60](p1 > 45 -> eventually[10,20](p2 <= 35))","Whenever the pressure p1 exceeds 45 units during the first 60 seconds, pressure p2 must not exceed 35 units between 10 and 20 seconds later.",nested
"eventually[0,2](x_1 > 3) -> eventually[3,5](x_1 < 1)","If the autonomous vehicle's acceleration x_1 exceeds 3 m/s² at any point within the first 2 minutes, it should consequently decrease below 1 m/s² at some point within the next 3 to 5 minutes.",non-nested
"eventually[0,100](always[0,5](x_3 > 10)) -> eventually[0,50](x_4 < 5)","If signal x3 exceeds 10 for at least 5 consecutive points within the first 100 units of time, then it must be that x4 decreases below 5 during the following 50 units.",nested
"always[0,2](v < 30)",The vehicle's speed must remain under 30 km/h from the start until it reaches the 2-minute mark to ensure safety in school zones.,non-nested
"eventually[0,200](x1 > 100 and always[0,25](x2 < 20) -> always[0,60](x3 <= 45))","In the next 200 seconds, if at any instant robot arm's load x1 exceeds 100 units while the vibration level x2 stays under 20 units continuously for at least 25 seconds, then the cooling system's temperature x3 must not exceed 45 degrees for the subsequent 60 seconds.",nested
"eventually[0,60](p_1 > 90) and (always[0,30](t_1 < 50) or eventually[0,30](v_1 > 5)) -> always[60,180](p_1 > 85)","If pressure p1 exceeds 90 psi within the first minute, and either temperature t1 is less than 50 degrees consistently for 30 seconds or vibration v1 exceeds 5 m/s^2 during the same interval, then pressure p1 must not drop below 85 psi for at least the next two minutes.",non-nested
"always[50,150](always[0,10](p1 > 100) -> always[200,250](v1 <= 5))","Every time the pressure p1 exceeds 100 units for at least 10 continuous units between the 50th and 150th seconds, the vibration level v1 should not exceed 5 units between 200 and 250 seconds.",nested
"always[50,70](x4 > 8 -> always[5,10](x3 >= 2))","Each time signal x4 exceeds value 8 within the time frame from 50 to 70 units, signal x3 must not fall below 2 within the following 5 to 10 units.",nested
"eventually[0,50](p1 > 80) -> always[50,80](p1 > 60)","If the pressure p1 exceeds 80 units at any time during the first 50 seconds, then it must remain above 60 units consistently for the subsequent 30 seconds.",non-nested
"eventually[0,60](always[0,5](v_1 > 80))",The speed v_1 must exceed 80 km/h continuously for at least 5 seconds within the first minute.,nested
"always[10,20]((v >= 50) and (v <= 70))",The autonomous vehicle should maintain a speed of at least 50 km/h but not exceed 70 km/h from the 10th to the 20th minute of its journey.,non-nested
"eventually[0,30](always[0,10](proximity_sensor < 2)) -> eventually[0,60](speed < 10)","If the autonomous vehicle's proximity sensor detects an object closer than 2 meters for more than 10 seconds between 0 and 30 seconds, it must immediately reduce its speed to under 10 km/h within the next 60 seconds.",nested
"always[0,15](p_1 < 25) -> eventually[0,30](v_1 > 10)","If the pressure p1 stays below 25 units in the next 15 seconds, then the vibration level v1 must exceed 10 units at least once in the following 30 seconds.",non-nested
"always[30,120](d < 5 and (v_rel > 10 -> eventually[0,10](v_rel <= 5)))","From second 30 to second 120, the autonomous vehicle must maintain a distance between itself and the leading vehicle that is less than 5 meters, and in the event that the relative velocity exceeds 10 m/s, it must drop to 5 m/s or less within the next 10 seconds.",nested
"always[0,20](p_1 > 30) -> (eventually[10,30](v_1 > 50) or eventually[10,30](t_3 < 15))","If the pressure p1 remains above 30 units for the first 20 seconds, then either the volume v1 will exceed 50 units or the temperature t3 will drop below 15 degrees within the following 10 to 30 seconds.",non-nested
always(distance_to_car_in_front > safe_distance),"In autonomous driving, the vehicle must maintain a safe following distance from the car in front at all times during the journey.",non-nested
"always[100,200]((d1 > 2) -> eventually[1,2](p1 > 0))","In any 100-200 time units interval, if the distance sensor signal d1 exceeds 2 meters, then the proximity alert signal p1 should be activated within the next 1-2 time units.",non-nested
"always[200,500]((speed>60) -> eventually[0,100](always[0,30](speed<40)))","Between 200 and 500 time units, if the autonomous vehicle's speed exceeds 60 km/h, it should reduce to below 40 km/h within the next 100 time units and maintain that speed for at least 30 time units.",non-nested
"always[0,120](s1 > 60) -> eventually[0,30](s1 <= 40)","During peak hours, if the speed sensor s1 registers speeds above 60 km/h continuously for at least 2 minutes, the car must reduce its speed to 40 km/h or less within the next 30 seconds.",non-nested
"always[0,10](temp_1 <= 100) -> eventually[5,15](pres_1 < 50)","In a robotic monitoring system, the temperature sensor value (temp_1) must not exceed 100 degrees for the first 10 seconds, which will ensure that the pressure sensor (pres_1) is below 50 psi at least once between 5 and 15 seconds.",non-nested
"always[0,30](p1 > 10) -> (eventually[40,70](v1 > 15) or always[40,70](i1 < 5))","Whenever the pressure p1 remains above 10 units from time 0 to 30, then at some point between 40 to 70 seconds, the voltage v1 must either exceed 15 volts or the current i1 stays below 5 amperes.",non-nested
"always[2,5](x1 > 7) <-> always[1,6](x3 <= -2)","The robotic sensor x1 being consistently over 7 across interval [2,5] necessitates and is necessitated by motor signal x3 never exceeding -2 during interval [1,6].",non-nested
"always[0,600](v < 20) -> eventually[0,120](obstacle_detected > 0)","If the autonomous vehicle's velocity v remains below 20 km/h for at least 10 minutes, then the vehicle must detect an obstacle within the next 2 minutes.",non-nested
"always[0,5](x3 < 2) -> eventually[2,6](x4 > 3)","As long as signal x3 stays below 2 between 0 and 5 seconds, then signal x4 must exceed 3 at least once between 2 and 6 seconds.",non-nested
"always[5,15](p1 > 100 and v1 <= 20) -> always[15,25](a1 <= 30)","If the pressure p1 exceeds 100 units continuously from 5 to 15 seconds, and simultaneously the velocity v1 is not greater than 20 units, then immediately afterward, between 15 and 25 seconds, the acceleration a1 must not exceed 30 units.",non-nested
"always[0,60](P1 > 200) and eventually[0,60](always[0,15](P2 < 50)) -> always[60,180](P3 <= 180)","If pressure P1 exceeds 200 units continuously from time 0 to 60 seconds and at least once during the same interval, the pressure P2 is below 50 units for 15 consecutive seconds, then within the next 120 seconds, the pressure P3 must not exceed 180 units.",nested
"always[15,45](p1 < 60)",The pressure p1 stays below 60 psi continuously from 15 to 45 seconds.,non-nested
"always[0,60](p_1 < 30) -> eventually[60,80](v_1 < 10)","Whenever the pressure p_1 stays below 30 psi within the first 60 seconds, there should eventually be a decrease in volume v_1 below 10 liters during the subsequent 20 seconds.",non-nested
"always[50,200]((z > 10) -> always[10,20](x <= 5))","If at any time between 50 and 200 units, the value of signal z exceeds 10, then we should expect that signal x will not exceed 5 within the following 10 to 20 time units.",non-nested
"always[0,120](d > 50) -> eventually[10,20](v1 > 60)","If the autonomous vehicle's proximity sensor distance d remains above 50 meters consistently for an interval of 120 seconds upon start, then the vehicle speed v1 should exceed 60 km/h within the following 10 to 20 seconds.",non-nested
"always[120,5000](((20 <= temp) and (temp <= 22)))","In a robotic monitoring task, the sensor signal `temp` must remain within the range [20, 22] degrees, except during the initial calibration period of 0 to 100 time units, during which it may fluctuate widely. However, it should stabilize within this range by 120 time units and maintain until 5000 time units.",non-nested
"always[10,20](p1 > 25) -> always[10,20](v1 <= 40)","Whenever the pressure p1 is above 25 units throughout a period from 10 to 20 seconds, it implies that the vibration level v1 will not exceed 40 units at any point during the same interval.",non-nested
"always[10,50](p_1 > 30) -> (eventually[10,50](t_1 > 100) or eventually[10,50](h_1 < 40))","Whenever the pressure p_1 is maintained above 30 units for the entire duration between 10 and 50 seconds, it should ensure that either the temperature t_1 exceeds 100 degrees or the humidity h_1 drops below 40% within the same interval.",non-nested
"eventually[0,15](p > 30) and always[15,35](p < 25)",The pressure p must exceed 30 units in the first 15 seconds and then remain below 25 units continuously for the next 20 seconds.,non-nested
"always[0,10](p1 <= 50) and always[0,10](v1 >= 30)","The pressure p1 must not exceed 50 units for the first 10 minutes and, during the same period, the volume v1 should never drop below 30 units.",non-nested
"always(x_1 < 2) or eventually[0,10](x_2 > 3)","Every point of the signal x_1 remains below 2, or the signal x_2 exceeds 3 at least once within the first 10 time units.",non-nested
"eventually[0,20](p_1 > 200) -> always[10,30](f_1 < 50)","Whenever the pressure p_1 exceeds 200 units within the next 20 seconds, it should be followed by the flow rate f_1 consistently staying below 50 units from 10 to 30 seconds thereafter.",non-nested
"always[0,20](x_2 < 5) and eventually[0,10](p_1 > 80) -> always[0,40](t_3 <= 100)","Whenever the concentration level x_2 remains below 5 units for at least 20 seconds, and if within the next 10 seconds pressure p_1 exceeds 80 units, then for the following 40 seconds, the temperature t_3 must not go beyond 100 degrees.",non-nested
"eventually[20,40](z > 10) and always[50,60](z > 8)",The signal z increases beyond 10 at least once between 20 and 40 units of time and remains above 8 for the entire duration from 50 to 60 units of time.,non-nested
"always[0,60](always[0,10](v_10 > 20) -> eventually[40,70](d_3 < 1))","In a robotic sensing system, if the velocity v_10 exceeds 20 m/s for at least 10 seconds within the first minute, then the proximity sensor distance d_3 should be less than 1 meter sometime between 40 to 70 seconds.",nested
"always[0,8](p_1 > 5) -> eventually[6,10](T_1 > 50)","Whenever the pressure p_1 is continuously above 5 units from time 0 to 8, ensure that temperature T_1 rises above 50 units at least once in the interval from 6 to 10.",non-nested
"eventually[0,10](theta_1 == 90) -> always[0,30](p_1 > 1000)","Whenever robotic arm angle reaches 90 degrees during the first 10 seconds, the pressure sensor must detect values over 1000 psi continuously for the next 30 seconds.",non-nested
"always[15,25]((y_1 < 20) and (y_2 > 50))",The value of signal y_1 must remain under 20 while signal y_2 increases beyond 50 from time 15 to 25 seconds.,non-nested
"always[0,8](x > 30)",Temperature signal x stays above 30 degrees consistently for at least 8 consecutive hours.,non-nested
"eventually[0,60](obstacle_distance <= 2) -> eventually[0,5](speed == 0)","If the autonomous vehicle detects an obstacle within 2 meters on the radar within the first 60 seconds, it must stop completely within the next 5 seconds.",non-nested
"always[10,50](x_3<0.2) -> eventually[5,10](x_5>0.5)","Whenever the value of signal x_3 remains below 0.2 during the interval [10, 50], it implies that eventually within 5 to 10 time units, signal x_5 will exceed 0.5.",non-nested
"always[0,10](p_1 < 25) -> eventually[5,15](v_1 >= 50)","If the pressure p1 remains below 25 units for the first 10 seconds, then at some point between 5 to 15 seconds, volume v1 will reach or exceed 50 units.",non-nested
"eventually[0,300](p1 > 100) -> (eventually[0,300](v1 < 30) or eventually[0,300](n1 > 70))","If pressure p1 exceeds 100 units within the next 5 minutes, then either vibration v1 will drop below 30 units or noise level n1 will increase beyond 70 units within that period.",non-nested
"always(p1 > 50 -> eventually[0,20] (always[0,10](p1 < 45)))","Every time the pressure p1 surpasses 50 units, it must fall below 45 units within the next 20 seconds and remain less than 45 for at least 10 consecutive seconds.",nested
"always[0,30](battery_a > 80) and eventually[0,30](distance_b > 100) -> eventually[30,60](emergency_c == 1)","If robot a's battery level stays above 80% consistently for the first 30 seconds and during the same period robot b moves more than 100 meters, then robot c must activate its emergency protocol at least once between 30 and 60 seconds.",non-nested
"eventually[0,2](obstacle > 0) -> eventually[2,2.5](speed < 20)","If the autonomous vehicle detects an obstacle on the road at any point within the first 2 minutes of its journey, it must decrease its speed to below 20 km/h within the following 30 seconds.",non-nested
"always[0,10](p_1 < 200) -> eventually[0,30](v_1 > 500)","Whenever the pressure p_1 falls below 200 units continuously over 10 seconds, it is guaranteed that within the subsequent 30 seconds, vibration level v_1 will exceed 500 units at least once.",non-nested
"eventually[10,60](v1 > 50) and eventually[120,180](v2 > 80) -> always[200,300](v1 < 30)","If robot velocity v1 exceeds 50 units at least once between 10 and 60 seconds and subsequently v2 exceeds 80 units somewhere between 120 and 180 seconds, it shall be that v1 remains below 30 units during the entire period from 200 to 300 seconds.",non-nested
"always[2,10](p_3 > 25 and v_3 <= 15) -> eventually[5,15](t_3 > 100)","Whenever the pressure p_3 stays above 25 units from time 2 to 10, while simultaneously, the volume v_3 does not rise above 15 units, then within the next 5 to 15 minutes, the temperature t_3 must exceed 100 degrees.",non-nested
"always[0,5](ice_warning == 0) -> always[0,10](((20 <= v1) and (v1 <= 40)))","The speed of the autonomous vehicle v1 stays within 20 to 40 km/h throughout the first 10 minutes, if there is no ice warning signal active between [0,5].",non-nested
"eventually[2,5](x_3 > 2) and always[5,7](x_3 > 4)","The signal x3 exceeds 2 at least once between time 2 and 5, and continuously remains above 4 from time 5 to 7.",non-nested
"always[0,15](x_1 > 30) -> (eventually[10,20](p_1 > 100) or eventually[10,20](h_1 < 50))","When the temperature (x_1[t]) remains above 30 degrees consistently from minute 0 to 15, then either pressure (p_1[t]) exceeds 100 units at some point between minutes 10 and 20 or humidity (h_1[t]) falls below 50% within the same interval.",non-nested
"always((v < 20) -> eventually[0,600](always[0,300](v >= 30)))","Whenever the autonomous vehicle's speed v decreases below 20 km/h due to traffic, it must resume a speed of at least 30 km/h within the next 10 minutes and maintain that speed for at least 5 minutes.",nested
"(speed > 60) -> eventually[0,10](always[0,5](speed < 40))","If the autonomous vehicle's speed exceeds 60 km/h, it should slow down to under 40 km/h within the next 10 minutes and maintain this slower speed for at least 5 minutes.",nested
"always[0,30](d_1 < 5) -> eventually[25,35](v_1 <= 1)","In a robotic navigation system, if the distance to the nearest obstacle (d_1) remains less than 5 meters for the entire duration between 0 to 30 seconds, then the speed (v_1) must reduce to less than or equal to 1 m/s at some point between 25 to 35 seconds.",non-nested
"always[120,180](v_1 > 60 and x_obstacle == 0) -> eventually[181,240](braking_system == 1)","If the autonomous vehicle's speed v1 is consistently above 60 km/h for the entire period of 120 to 180 seconds after starting, and there are no obstacles detected in proximity during this time, then the vehicle must ensure that the braking system is operational within the next 60 seconds.",non-nested
"always[100,400](always[0,10](v > 10) -> always[0,20](i <= 5))","When the voltage v peaks above 10 volts for at least 10 time units between 100 to 400 time intervals, it must ensure that the current i does not exceed 5 amperes during the first 20 time units immediately following this period.",nested
"always[0,60](x_speed < 50)",The speed of vehicle x should remain below 50 km/h for the whole journey when traveling through residential zones which lasts between 0 to 60 minutes.,non-nested
"always[0,10](h_1 > 80) -> always[5,15](p_1 >= 1000)","If the humidity level h1 exceeds 80% continuously from time 0 to 10, then the pressure p1 must not drop below 1000 hPa at any point between time 5 and 15.",non-nested
"always[0,15](p_1 < 30) -> eventually[20,30](v_1 > 5)","Whenever the pressure p_1 remains below 30 psi during the first 15 seconds, it should be followed by the vibration v_1 exceeding 5 units at least once between 20 and 30 seconds.",non-nested
"always[0,100]( (speed > 60) -> eventually[10,15](speed < 40) )","If the speed of the autonomous vehicle exceeds 60 km/h between 0 and 100 time units, then it must slow down to below 40 km/h within the next 10 to 15 units.",non-nested
"always[0,500](always[0,100](T > 40) -> eventually[0,50](always[0,30](C > 0)))","Whenever the temperature (signal T) exceeds 40 degrees for at least 100 consecutive units between time 0 and 500, the cooling system (signal C) must activate within the next 50 units and remain active for at least 30 units.",nested
"always[0,10](x_3 >= 0)",Every value of signal x_3 remains non-negative throughout the interval from 0 to 10 time units.,non-nested
"always[4,10](t1 < 30) -> (always[0,5](p1 > 100) and always[5,15](p2 <= 90))","If the temperature t1 stays below 30 degrees from minute 4 to 10, then the pressure p1 must be more than 100 units until minute 5 and thereafter p2 must not exceed 90 units between minutes 5 and 15.",non-nested
"always[2,6](x_1 + x_2 < 5) <-> eventually[4,7](x_3 > 3)","The sum of signals x1 and x2 must be continuously less than 5 throughout the time interval [2,6] if and only if signal x3 exceeds 3 at least once between times 4 and 7.",non-nested
"always[0,10](p_1 <= 80) and always[0,10](t_3 > 20)",The pressure p1 must not exceed 80 units at any point during the first 10 minutes while the temperature t3 should be consistently above 20 degrees throughout the same period.,non-nested
"always[0,60](v_1 < 10) -> always[0,60](i_1 <= 5)","If the voltage v1 stays below 10 volts throughout the first minute, then current i1 must not exceed 5 amperes at any point during the same time frame.",non-nested
"eventually[0,200](x_1 < 2) -> eventually[5,10](v < 1)","Within the first 200 seconds, if sensor x_1 detects an obstacle closer than 2 meters at least once, then robot's velocity v must reduce to less than 1 m/s within the next 5 to 10 seconds.",non-nested
"always[5,10](x_3 < 10) and eventually[2,6](x_1 > 3)","The signal x3 remains consistently below 10 throughout the time range from 5 to 10, while signal x1 exceeds 3 at least once between the time 2 and 6.",non-nested
"always[0,10](s1 < 2) -> eventually[0,60](always[0,5](s2 > 5))","If robot sensor s1 detects an obstacle closer than 2 meters continuously for at least 10 seconds, then within the following 60 seconds sensor s2 must detect a clear path for at least 5 seconds.",non-nested
"always[0,10](d_front < 2) -> eventually[2,12](deceleration > 5)","If the distance to the nearest object in front of the autonomous car remains below 2 meters for the entire duration of 0 to 10 seconds, then the car must decelerate with a force greater than 5 m/s² within the interval of 2 to 12 seconds.",non-nested
"always[50,100](x_1 < 7 -> eventually[10,20](x_2 > 10))","For the entire duration of 50 to 100 time units, the occurrence of signal x1 being below 7 will always lead to signal x2 reaching above 10 within the next 10 to 20 time units.",nested
"always[0,60](s1 < 20) -> eventually[0,40](s2 > 30)","If robot sensor s1 detects an obstacle within 20 units for at least 60 consecutive seconds, then sensor s2 must detect a heat signature above 30 degrees at least once within the following 40 seconds.",non-nested
"always[1,4](x_3 > 5) -> always[2,6](x_4 <= 7)","Whenever signal x_3 remains above 5 during the interval [1,4], signal x_4 must not exceed 7 at any point in the interval [2,6].",non-nested
"always[0,1000](abs(theta) <= 45) and eventually[1000,1100](always[0,100](abs(theta) < 30))","Within the first 1000 time units, the robotic arm's orientation angle must not exceed 45 degrees, and subsequently, it should maintain an angle less than 30 degrees for at least the next 100 time units.",non-nested
"always[2,10](x3 > 5) -> (always[4,12](y3 <= 8) and always[6,14](t3 < 3))","Whenever the robot's sensor signal x3 remains above 5 in the interval [2,10], it should ensure that actuator signal y3 never exceeds 8 within the interval [4,12], followed shortly by the cooling system's temperature, t3, staying consistently below 3 degrees from [6,14].",non-nested
"always[0,200](x_3 > 2) -> eventually[5,10](x_4 > 3)","Within the first 200 time units, it is necessary for signal x_3 to remain above 2; subsequently, within the following 5 to 10 units, signal x_4 must exceed 3 at least once.",non-nested
"always(x_speed == 60 -> eventually[0,10] (always[0,20] (x_speed <= 30)))","Every time the autonomous vehicle's speed reaches 60 km/h, it must return to speeds of 30 km/h or less within the next 10 seconds and maintain that speed for at least 20 seconds.",nested
"eventually[2,6](x1 < -10) and always[6,10](x1 < -5)","The value of signal x1 drops below -10 anytime in the interval [2,6] and remains lower than -5 until the end of interval [6,10].",non-nested
"always[0,10](x1 < 20) -> eventually[0,10](x2 < 2)","In the next 10 minutes, if the speed of autonomous vehicle x1 remains consistently below 20 km/h, then there must be an occurrence where the proximity sensor x2 detects an object closer than 2 meters within the same time interval.",non-nested
"always[0,600](proximity < 2 -> eventually[0,60](speed < 20))","If the autonomous vehicle's proximity sensor detects an object closer than 2 meters during the first 10 minutes, it must reduce its speed to below 20 km/h within the next 1 minute.",nested
"always[0,300]((obstacle_distance < 2) -> eventually[0,5](vehicle_speed == 0))","If the autonomous vehicle detects an obstacle closer than 2 meters ahead, it must stop within 5 seconds to avoid a possible collision.",non-nested
"always[5,15](x_3 > 10) -> eventually[16,20](x_4 <= 20)","The signal x_3 remains above 10 every moment from 5 to 15 time units, and subsequently, signal x_4 must not exceed 20 at least once between 16 and 20 time units.",non-nested
"eventually[0,1](v1_speed > 60) -> eventually[0,2](high_beam == 1)","If the speed of autonomous vehicle v1 exceeds 60 km/h anytime in the next minute after passing through a tunnel, it must activate its high-beam headlights within the next 2 minutes.",non-nested
"always[0,10](v_1 < 30) <-> not eventually[0,5](i_1 > 0)","The speed signal v1 must remain below 30 km/hr during the interval [0, 10] if and only if there is no speed reduction instruction i1 that occurs within the interval [0, 5].",non-nested
"eventually[20,60](y1 > 10) -> always[100,120](y1 >= 5)","Whenever signal y1 exceeds 10 between the next 20 to 60 seconds, it must not drop below 5 at any point within the next 100 to 120 seconds after that.",non-nested
"eventually[200,400](proximity_sensor < 0.5) -> (eventually[0,10](always[0,30](velocity == 0)))","If the autonomous vehicle's proximity sensor detects an object closer than 0.5 meters anytime between 200 and 400 seconds, the vehicle must come to a complete stop within the next 10 seconds and remain stationary for at least 30 seconds.",non-nested
"always(p1 > 100 -> eventually[20,40](always[0,5](h1 > 90)))","Every time the pressure p1 surpasses 100 units, it must be followed within the next 20 to 40 seconds by the humidity h1 rising above 90% and staying there for at least 5 consecutive seconds.",nested
"always[0,10](v1 > 80) <-> not eventually[0,10](p1 > 100)",The speed signal v1 remains consistently above 80 km/h between 0 to 10 seconds if and only if the pressure signal p1 is never above 100kPa within the same interval.,non-nested
"always[3,8](x_1 > 10) -> always[5,10](x_3 <= 15)","Whenever signal x_1 remains above 10 between the intervals [3,8], then signal x_3 should not rise above 15 at any time within the interval [5,10].",non-nested
"eventually[0,15](always[0,15](s1 > 20) and always[0,15](s2 < 5)) -> eventually[0,10](alarm == true)","When the robot's arm speed s1 exceeds 20 units for more than 15 seconds and its load sensor s2 detects a load less than 5kg simultaneously, then the safety alarm should trigger within the next 10 seconds.",nested
always(x_b > 0.2) -> eventually(x_s < 1),"The robot's proximity sensor, x_s, must detect an object closer than 1 meter when the battery level, x_b, remains above 20% throughout the duration of the operation.",non-nested
"always[50,150](p_1 > 200) -> eventually[60,180](f_1 < 100)","If the pressure p1 exceeds 200 units continuously from time 50 to 150, then the flow rate f1 should go below 100 units at least once between time 60 and 180.",non-nested
"always[0,600](speed > 50 and proximity < 2) -> eventually[0,300](speed < 30)","If the autonomous vehicle's speed exceeds 50 km/h over a continuous 10-minute interval while the proximity sensor detects an object closer than 2 meters, the vehicle must reduce its speed to below 30 km/h within the next 5 minutes.",non-nested
"always[0,10](speed >= 20)",The speed of the autonomous vehicle should not drop below 20 km/h for the initial 10 minutes of operation.,non-nested
"always[0,120](pedestrian_detected < 10 -> always[0,120](speed < 20))","The vehicle's speed should be reduced to less than 20 km/h whenever a pedestrian is detected within a 10-meter radius, and this condition should persist for at least 2 minutes.",nested
"always[0,60](always[0,15](p1 > 10) -> eventually[0,30](v1 > 20))","Whenever the pressure p1 exceeds 10 units for at least consecutive 15 seconds within the first 60 seconds, the velocity v1 should exceed 20 units within the next 30 seconds.",nested
"always((proximity < 2) -> always[0,10](acceleration <= 0))","If an autonomous vehicle's proximity sensor detects an obstacle closer than 2 meters, then it must not accelerate for at least the next 10 seconds to ensure safety.",non-nested
"always[2,4](v < 2.5) -> eventually[4,6](v > 3.5)","Whenever the signal v remains below 2.5 in the interval [2,4], it must eventually rise above 3.5 between 4 and 6 time units.",non-nested
"always[0,50](p1 < 70) and eventually[0,50](p2 > 100)","The pressure p1 must be below 70 units constantly during the first 50 seconds, and concurrently, the pressure p2 should exceed 100 units at least once within the same time frame.",non-nested
"always[0,20](v_1 <= 10) and always[15,20](i_2 > 2)","The voltage level v1 must not exceed 10 volts for the first 20 seconds, and simultaneously, the current i2 should be greater than 2 amperes during the last 5 seconds of this period.",non-nested
"eventually[0,60](always[0,10](h1 > 120) and always[0,5](p1 <= 140)) -> always[60,90](h1 < 100)","If the heartbeat rate h1 is above 120 bpm for any 10 seconds within the first minute, and during the same period, blood pressure p1 does not exceed 140 mmHg for at least 5 seconds, then the heartbeat rate h1 will be below 100 bpm for the next 30 seconds.",nested
"always[100,800](x<10 or y>-10) and always[1020,2090](z<=30)","From time unit 100 to 800, either signal x remains below 10 or signal y remains above -10, and continuously from time unit 1020 to 2090, signal z must not exceed 30.",non-nested
"always[2,6](x3 < 10) -> eventually[3,7](x4 > 15)","Whenever signal x3 remains below 10 between the interval [2,6], it should ensure that signal x4 exceeds 15 at least once between [3,7].",non-nested
"always[0,10](p_1 > 80) -> (eventually[0,10](p_2 < 30) or eventually[10,15](t_3 > 100))","If the pressure p1 exceeds 80 psi consistently throughout the first 10 minutes, then it must be that either the pressure p2 drops below 30 psi at some point within those same 10 minutes or the temperature t3 rises above 100 degrees Celsius within 5 minutes following.",non-nested
"always[4,10](x_1 < 30) and eventually[10,10](x_1 > 40)","The temperature (x1) remains below 30 degrees continuously from time 4 to time 10, and then immediately spikes above 40 degrees.",non-nested
"always[0,300](speed_vehicle1 <= 120)",The speed of vehicle1 should not exceed 120 km/h for the first 5 minutes.,non-nested
"always[0,3](x_3 > 5) -> always[1,4](x_4 >= 2)","Whenever the signal x_3 is greater than 5 between the intervals [0,3], the signal x_4 must never drop below 2 within [1,4].",non-nested
"always[0,15](x_r > 10) -> always[15,25](y_b >= 20)","Whenever robot signal x_r is consistently above 10 within the first 15 minutes, the battery level y_b must not fall below 20% during the subsequent 10 minutes.",non-nested
"eventually[0,10](p_1 > 50 and always[0,10](v_1 < 30)) -> always[10,30](p_1 <= 80)","Whenever pressure p1 rises above 50 within the first 10 seconds and vibration v1 remains under 30 for these 10 seconds, then pressure p1 will not exceed 80 for the subsequent 20 seconds.",nested
"always[100,200](x > 10) -> always[205,300](x >= 8)","If the signal x maintains a value greater than 10 throughout the entire interval [100,200], then it must not drop below 8 at any point in the interval [205,300].",non-nested
"always[50,400](p > 200) -> (eventually[450,550](t > 90) or eventually[450,550](h > 60))","If pressure p remains continually above 200 units from time 50 to 400, then either temperature t or humidity h should exceed their respective thresholds of 90 and 60 units at least once between 450 and 550 time units.",non-nested
"always[0,10](a > 5) -> eventually[0,30](alert == true)","Whenever the vehicle's acceleration exceeds 5 m/s² for a period of at least 10 seconds, there should be an alert raised within the subsequent 30 seconds.",non-nested
"always((obstacle_ahead -> eventually[0,2](speed==0)))","When the autonomous vehicle detects an obstacle ahead, it should come to a complete stop within 2 seconds.",non-nested
"always[1000,3000]((z <= 100) and ((z > 50) -> eventually[0,200] (always[0,30](z < 25))))","Throughout the duration of time between 1000 to 3000 time units, ensure signal z does not exceed 100, and whenever signal z exceeds 50, it must drop below 25 within the next 200 time units for at least 30 continuous time units.",non-nested
"eventually[0,20](y > 10) -> always[20,50](z >= -5)","The signal y must exceed 10 within the first 20 seconds, and following this, the signal z should not drop below -5 for any time in the next 30 seconds.",non-nested
"always[0,60](v_1 > 60 and s_1 > 50) -> eventually[10,30](v_1 < 40)","If during the first 60 seconds, the car speed v_1 is consistently above 60 km/h and the proximity sensor s_1 detects no objects closer than 50 meters, then the vehicle must reduce speed to below 40 km/h at least once between the next 10 to 30 seconds.",non-nested
"eventually[0,120](always[0,10](p1 < 35)) -> eventually[0,30](lift > 50)","If robot arm pressure p1 remains below 35 units continuously for at least 10 seconds within the next 2 minutes, then the arm must lift more than 50 kilograms at least once in the following 30 seconds.",nested
"always[0,60](v_1 > 5 and p_1 <= 100) -> always[0,30](l_1 <= 300)","During a 60-second interval, if the robot's arm speed v_1 remains continuously above 5 m/s, and simultaneously the hydraulic pressure p_1 does not exceed 100 psi, then the arm's load sensor l_1 will never detect a load greater than 300 kg throughout a subsequent 30-second period.",non-nested
"always[0,200]((x_v > 100) -> eventually[0,50](x_b > 0))","If the speed of autonomous vehicle x_v exceeds 100 km/h during the first 200 time units, then the braking signal x_b should be activated at least once within the subsequent 50 time units.",non-nested
"always[10,20](d < 2) -> eventually[0,5](always[0,10](v < 1))","While navigating, if the robot's distance sensor (d) reads less than 2 meters for the duration of 10 to 20 seconds, then ensure that the robot's speed (v) reduces to less than 1 m/s within the next 5 seconds and maintains that speed for at least the following 10 seconds.",non-nested
"always[10,20](z > 0.8) -> eventually[20,30](z < 0.3)","Between 10 and 20 time units, if signal z remains above 0.8, it must then drop below 0.3 before reaching 30 time units.",non-nested
"always[100,800]((z < -10) -> (eventually[0,100](always[0,30](z > 10))))","Between 100 and 800 time units, if the value of signal z decreases to less than -10, then it must exceed 10 within the next 100 time units and remain above that level for at least 30 continuous units.",nested
"always[0,60](p_1 <= 100) until[0,60](h_1 >= 50)","The pressure p1 must not exceed 100 units before the humidity h1 reaches 50%, provided that the time window is within 60 seconds.",non-nested
"eventually[0,50](always[0,10](p_1 > 70)) -> always[30,80](p_2 >= 20)","If the pressure p1 exceeds 70 units for at least 10 seconds within the first 50 seconds, then the pressure p2 must not fall below 20 units anytime between 30 and 80 seconds later.",nested
"always[0,10](distance < 5) -> eventually[0,5](speed < 10)","If the autonomous vehicle detects a pedestrian at a distance less than 5 meters for over 10 seconds, then it must reduce its speed to less than 10 km/h within the next 5 seconds.",non-nested
"always[0,10](speed < 30) -> eventually[10,15](signal_right == 1 and turn == 1)","Within a 10-minute window, if the autonomous vehicle's speed remains under 30 km/h throughout a school zone, it should signal right and turn within the subsequent 5 minutes.",non-nested
"always[0,5](p1 > 70) -> not eventually[10,15](p2 > 100)","Whenever the pressure p1 exceeds 70 psi continuously for the entire duration between 0 to 5 seconds, the pressure p2 should not exceed 100 psi at any point between the next 10 to 15 seconds.",non-nested
"always[0,200](a_3 < -0.5 -> eventually[2,4](b_4 > 1.2))","For the duration from 0 to 200 time units, if the value of sensor a_3 drops below -0.5, then the average value of sensor b_4 should exceed 1.2 within the next 2 to 4 time units.",nested
"always[0,10](d_sensor > 2)",The autonomous vehicle must ensure that the proximity sensor distance is maintained above 2 meters continuously for the first 10 seconds after detecting an obstacle to safely initiate a stop.,non-nested
"always[0,10](v_bat < 12) -> eventually[5,15](charging_unit_active == 1)","If the robot's battery voltage, v_bat[t], remains below 12 volts from time 0 to time 10, it implies that the charging unit needs to be activated sometime between time 5 and time 15.",non-nested
"eventually[7,9](distance_to_school <= 100) -> always[7,9](speed < 20)","If the autonomous vehicle is within 100 meters of a school zone during hours [7,9] AM, it must reduce its speed below 20 km/h for the entire duration.",non-nested
"always[0,20](always[0,5](x1 < 10) -> always[20,35](x1 > 50))","If the robot's proximity sensor remains under 10 cm from an object continuously for at least 5 seconds within the first 20 seconds, then there must not be any obstruction detected (distance greater than 50 cm) for the subsequent 15 seconds.",nested
"always[0,5](x1 < 2) -> always[0,5](x2 >= 0)","A robot's sensor x1 must detect an object within 2 meters throughout the duration [0,5], which implies that its navigation signal x2 should not report any errors during the same period.",non-nested
"always[2,5](y2 < 3) -> eventually[6,9](x3 > 7)","If the value of signal y2 remains below 3 throughout the period [2,5], then signal x3 must exceed 7 at least once within the period [6,9].",non-nested
"eventually[0,30]((x1 + x2 >= 15) and (x1 + x2 <= 20))",The sum of signals x1 and x2 reaches at least 15 but does not exceed 20 within the first 30 seconds.,non-nested
"eventually[0,60](obstacle_detected > 0) -> always[0,15](speed < 20)","If an autonomous vehicle detects an obstacle on the road within the next 60 seconds, then it should reduce its speed to less than 20 km/h for at least the following 15 seconds.",non-nested
"always[0,50](s1 < 2) -> eventually[0,20](v1 > 1)","During the next 50 seconds, ensure that robot A's proximity sensor (s1) continuously detects an object closer than 2 meters, then robot B's navigation speed (v1) must surpass 1 m/s at least once within the subsequent 20 seconds.",non-nested
"always[0,500]((z > 10) -> (eventually[0,100] (always[0,50] (z < 5))))","From the beginning until 500 units of time, whenever signal z exceeds 10 units, it must drop below 5 units within the next 100 units of time and remain lower than 5 units for at least 50 consecutive units of time.",non-nested
"eventually[2,7](x_1 + x_2 > 3) -> always[2,7](x_3 >= -2)","Whenever the sum of signals x1 and x2 exceeds 3 anytime between the intervals [2,7], it implies that signal x3 must not drop below -2 in that same interval.",non-nested
"always[0,20](p1 > 100) -> eventually[0,5](v1 > 50)","If the pressure p1 exceeds 100 units continuously for a period of 20 seconds, then the volume v1 must expand to above 50 liters within the next 5 seconds.",non-nested
"always[5,15](chemical > 200) -> eventually[0,20](pH < 5)","If the concentration of a chemical remains consistently above 200 units from the 5th to the 15th second, then it must be true that within the first 20 seconds, the pH level drops below 5 at least once.",non-nested
"always[2,4](x3 < 2) -> eventually[1,2](x1 > 10)","Whenever signal x3 stays below 2 during the interval [2,4], it must be preceded by signal x1 exceeding 10 between times 1 and 2.",non-nested
"(speed < 30) until[0,10] (outside_pedestrian_zone > 0)","The autonomous vehicle must maintain a speed of under 30 km/h until it has safely exited the pedestrian-heavy zone, which must happen within 10 minutes from entering.",non-nested
"eventually[0,50](v1 > 10) -> always[0,30](i5 >= 2)","Whenever voltage v1 exceeds 10 volts between 0 and 50 units of time, then within the subsequent 30 units of time, current i5 must not fall below 2 amperes.",non-nested
"always[0,2](x_1 > 7) and eventually[0,2](x_2 < -3)","The signal x1 stays above 7 while within the first 2 minutes, meanwhile, signal x2 drops below -3 at some point within those minutes.",non-nested
"always[480,600](always[0,2](v_1 > 60) -> eventually[0,10](v_1 < 50))","During peak hours between 8:00 and 10:00 am, if the vehicle speed v_1 exceeds 60 km/h for more than 2 minutes, the autonomous system must reduce speed to below 50 km/h within the next 10 minutes.",nested
"always[0,20](x_1 > 0.5) and always[0,20](x_3 > 5)","The robot must avoid obstacle x_3 by keeping a distance greater than 5 units from it, while ensuring that signal x_1 remains above 0.5 at all times within the first 20 time units.",non-nested
"always[120,300](v >= 60) and (obstacle -> eventually[0,30](v < 30))","The autonomous vehicle must maintain a speed of at least 60 km/h between the 2nd and 5th minute of its journey, unless it detects an obstacle, in which case it must reduce speed to below 30 km/h within 30 seconds.",non-nested
"always[0,10](x3 == 2) -> eventually[15,20](x4 == 3)","If signal x3 remains exactly 2 from time 0 to 10, then there should be a time between 15 and 20 when signal x4 is exactly 3.",non-nested
"always[0,10](A > 7) and always[0,10](B <= 15) -> eventually[0,30](C > 20)","In a robotic system, if sensor A remains above a threshold of 7 units between seconds 0 and 10, and concurrently sensor B never exceeds 15 units during the same interval, then it is necessary that within the next 30 seconds, sensor C exceeds 20 units at least once.",non-nested
"eventually[0,10](torque > 25) -> always[20,30](speed < 0.5)","If robot arm torque exceeds 25Nm within the first 10 seconds, ensure safety protocol is enacted between 20 to 30 seconds afterward where arm speed doesn't exceed 0.5m/s.",non-nested
"always[420,540](v <= 50)",The speed of the autonomous vehicle must not exceed 50 km/h whenever approaching a school zone between 7 AM and 9 AM.,non-nested
"always[0,150](torque > 40) -> (eventually[0,100](grip_sensor > 5) or always[0,50](vibration < 2))","If robot arm’s torque maintains above 40 newton-meters during the entire period from 0 to 150 seconds, then either the grip sensor signal will exceed 5 within the subsequent 100 seconds or the vibration level will remain below 2 for at least the following 50 seconds.",non-nested
"always[100,500]((d < 2) -> eventually[10,30](d > 4))","Whenever the autonomous vehicle is on a highway between 100 to 500 time units, if the following distance drops below 2 meters, it must increase to more than 4 meters within the next 10 to 30 time units.",non-nested
"always[0,20](p_1 > 150) and eventually[0,20](v_1 > 0.5) -> always[0,30](t_3 < 50)","If the pressure p1 is higher than 150 for at least 20 consecutive seconds, and during this period, the vibration level v1 exceeds 0.5 at any point, then the temperature t3 will remain below 50 degrees for the entire span of the next 30 seconds.",non-nested
"always[0,600](speed > 100) -> eventually[0,300](speed < 50)","Whenever the autonomous vehicle's speed exceeds 100 km/h for more than 10 minutes continuously, it must reduce its speed to below 50 km/h within the next 5 minutes.",non-nested
"always[0,100](x_3 < 0.2) -> eventually[50,150](x_4 > 1.0)","Whenever the signal x_3 remains below 0.2 during the initial 100 time units, signal x_4 must exceed 1.0 at least once between 50 and 150 time units.",non-nested
"always[0,600](x1 > 60 -> eventually[30,60](x2 > 0.5))","If the autonomous vehicle's speed signal x1 exceeds 60 km/h at any time during the first 10 minutes, the braking system activation signal x2 must exceed 0.5 within the next 30 to 60 seconds.",nested
"always((pedestrian_detected -> eventually[0,2](stop)))","When the autonomous vehicle detects a pedestrian crossing the road, it must come to a complete stop within 2 seconds.",non-nested
"always[2,8](y1 - y3 <= 10)","Every point in the interval [2, 8] has signal y1 minus y3 being less than or equal to 10 units.",non-nested
"always[0,60]((distance_front < 10) -> (speed < 50))",The autonomous vehicle should always maintain a speed below 50 km/h whenever the distance to the vehicle in front is less than 10 meters for the next 60 seconds.,non-nested
"eventually[0,10](pedestrian_crossing > 0) -> always[0,5](vehicle_speed == 0)","If the autonomous vehicle detects a pedestrian crossing within the next 10 seconds, it must ensure that it stops completely for at least 5 seconds.",non-nested
"always[2,8](x_3 > 5) -> eventually[5,9](x_4 < -3)","Whenever signal x_3 remains above 5 between the times 2 and 8, it is necessary that signal x_4 drops below -3 at least once in the interval from 5 to 9.",non-nested
"always[10,20](z > 1.2) -> eventually[22,30](y > 2)","If signal z is consistently above 1.2 during the initial 10 to 20 time units, it implies that signal y will exceed 2 at least once between 22 and 30 time units.",non-nested
"always[0,15](p_1 > 200) -> eventually[10,20](f_1 > 100)","Whenever the pressure p_1 exceeds 200 units continuously from 0 to 15 minutes, it implies that the flow rate f_1 should exceed 100 units at least once between the 10th and 20th minutes.",non-nested
"eventually[0,2](traffic_density > 80) -> eventually[0,5](speed < 45)","If the traffic density increases beyond 80 vehicles per kilometer within the next 2 minutes, the autonomous vehicle should reduce its speed to below 45 km/h within the subsequent 5 minutes.",non-nested
"always[0,4](t > 30) -> eventually[4,6](h < 40)","If the temperature t consistently exceeds 30°C during the first 4 hours, then it must be followed by humidity h dropping below 40% within the next 2 hours.",non-nested
"always[500,1000](z <= 40 and (x < 10 -> eventually[0,60](x >= 20)))","Between seconds 500 and 1000, ensure that signal z does not exceed 40, and if signal x falls below 10, it must recover to 20 or more within 60 seconds.",nested
"always[0,30](y1 > 5) until[30,50](y2 > 10)",The signal y1 remains consistently above 5 units before signal y2 spikes above 10 units within a timeframe of 30 to 50 seconds.,non-nested
"eventually[0,10](x_3 > 0.8) and always[10,20](x_3 > 0.9)",The robot's sensor value x_3 must increase to above 0.8 before it stabilizes above 0.9 between 10 and 20 time units.,non-nested
"always[0,10](y < 0.2) until[10,15](y > 0.8)",The signal y remains below 0.2 until it exceeds 0.8 within 10 to 15 time units.,non-nested
"always[0,30](x_1 < -10)",The robot arm's position x_1 remains below the threshold of -10 units during the first 30 seconds of operation.,non-nested
"always[0,60](always[0,10](p1 > 120) -> eventually[0,30](s1 > 70))","For every interval of 10 seconds in the next 60 seconds, if the pressure p1 is consistently above 120 units, then within the next 30 seconds, the speed s1 should exceed 70 km/h.",nested
"always( (light_color == red -> always[0,0](Speed == 0)) and (light_color == green -> eventually[0,5](Speed > 0)) )","The autonomous vehicle must come to a complete stop at every red traffic light, and once the light turns green, it must resume driving within 5 seconds.",non-nested
"always(obstacle_detected -> eventually[0,2](vehicle_speed == 0))","Upon detecting an obstacle in its path, the autonomous vehicle must come to a complete stop within the next 2 seconds.",non-nested
"always[2,7](s1 < 10) -> (eventually[4,9](s2 > 15) or always[3,8](s3 < -5))","Whenever signal s1 remains below 10 between times 2 to 7, it implies that either signal s2 will exceed 15 at least once from time 4 to 9 or signal s3 will dip below -5 continuously from 3 to 8.",non-nested
"always[0,200]((v1 > 90) -> eventually[0,10](s1 < 2))","Within a duration of 200 time units, if the speed of the autonomous vehicle v1 exceeds 90 km/h, then the proximity sensor s1 must detect an object closer than 2 meters within the next 10 seconds.",non-nested
"always[0,15](p_1 < 20) -> (eventually[10,20](l_1 > 10) or always[5,25](f_1 < 30))","If the pressure p1 is consistently below 20psi for the interval [0,15], then either the level l1 exceeds 10m at some point during [10,20] or the flow rate f1 must remain under 30L/min throughout [5,25].",non-nested
"eventually[0,5](x_1 > 10) and always[5,10](x_1 > 10)",The variable x_1 must increase beyond 10 within the first 5 seconds and then remain above 10 continuously between 5 and 10 seconds.,non-nested
"always[0,10](x1 < 1) -> eventually[0,30](v < 10)","If the proximity sensor detects an obstacle within 1 meter for at least 10 seconds, the car must then ensure that it slows down to less than 10 km/h within the subsequent 30 seconds.",non-nested
"always[2,5](x_3 > 10) -> eventually[2,5](x_1 > 15)","Whenever signal x3 remains above the threshold of 10 between 2 and 5 seconds, the signal x1 should eventually exceed 15 within the same time frame.",non-nested
"eventually[0,120](obstacle_detected > 0) -> (eventually[0,5](speed < 30) and always[5,15](speed < 30))","If the autonomous vehicle detects an obstacle on the road within 120 seconds, it must reduce speed to less than 30 km/h within the next 5 seconds and maintain this speed for at least 10 seconds.",non-nested
"always[0,5](t_1 < 20) -> eventually[4,8](p_1 > 100)","The temperature signal t_1 remains below 20 degrees from time 0 to time 5, which implies that the pressure signal p_1 will exceed 100 units at least once between time 4 and time 8.",non-nested
"always[0,100](z<=50) and eventually[100,200](z>70)","The value of signal z does not exceed 50 throughout the first 100 time units, and it must exceed 70 at least once between the 100th and 200th time unit.",non-nested
"eventually[2,5](x_1 > 80) -> eventually[3,6](x_2 > 500)","Whenever the autonomous vehicle's speed, x1, exceeds 80 km/h between 2 to 5 seconds after detection of an obstacle, then the braking force, x2, must exceed 500 N within 1 to 3 seconds following this speed.",non-nested
"always[0,10](speed < 30) -> always[0,10](distance_to_pedestrian > 5)","If the autonomous vehicle's speed remains below 30 km/h throughout a school zone interval [0,10], then it should not detect any pedestrians within 5 meters for the same interval.",non-nested
"always[0,60](p1 <= 100 and t3 >= 20)","The pressure p1 must not exceed 100 within the first 60 seconds, and during the same period, the temperature t3 should not drop below 20 degrees.",non-nested
"always[0,300](b_1 >= 80) and eventually[300,900](d_1 < 2) -> always[0,900](s_1 <= 2)","If the robot's battery level b_1 stays at least 80% during the first 5 minutes, and if the obstacle distance d_1 falls below 2 meters anytime between minute 5 and minute 15, then the robot's speed s_1 must not exceed 2 m/s during the entire 15 minutes period.",non-nested
"always[50,100](x_3>1.2) or eventually[60,90](x_4>2.0)","Between time intervals 50 to 100, either the value of x_3 remains consistently above 1.2, or the value of x_4 must exceed 2.0 at least once between 60 and 90.",non-nested
"always[50,200](v > 10) -> (always[201,300](u > 20) -> always[200,400](w <= 50))","If signal v remains above level 10 from time units 50 to 200 and signal u consistently exceeds 20 immediately after, then signal w must not exceed 50 at any time between 200 and 400 units.",non-nested
"eventually[0,600](v > 100) -> eventually[0,900](always[0,300](v < 50))","If the autonomous vehicle's speed exceeds 100 km/h at any point within the first 10 minutes, it must reduce its speed to under 50 km/h for at least 5 continuous minutes within the next 15 minutes.",nested
"always[50,150]((x_1+x_2>1.5) -> eventually[5,10](x_3<0.3))","If the sum of signals x_1 and x_2 exceeds 1.5 anytime between 50 and 150 time units, then within the subsequent 5 to 10 time units, signal x_3 must drop below 0.3 at least once.",non-nested
"eventually[0,120](obstacleDetected > 0) -> eventually[0,10](vehicleSpeed == 0)","During a journey, if the autonomous vehicle detects an obstacle on the road within the next 2 minutes, it must come to a complete stop in less than 10 seconds.",non-nested
"always[6,12](y>10) and eventually[12,15](y<5)","The signal y remains above 10 throughout the first 6 to 12 time units, and then falls below 5 until time unit 15.",non-nested
always(proximity < 2 -> x_speed < 20),The autonomous vehicle must maintain a speed less than 20 km/h whenever the proximity sensor detects objects closer than 2 meters.,non-nested
"always[0,60](p1 > 80) and eventually[60,100](v2 > 30) -> always[100,120](p1 > 60)","If pressure p1 remains continuously above 80 units for the first 60 seconds, and then vibration v2 exceeds 30 units at least once in the following 40 seconds, the pressure p1 will not fall below 60 units for the next 20 seconds.",non-nested
"always[5,10](x1 > 12) -> eventually[5,10](x2 > 300)","The robot's battery voltage x1 stays above 12V continuously from 5 to 10 seconds, implying that the robot’s load x2 exceeds 300 watts at any moment in the same interval.",non-nested
"always[0,10](temperature > 25)",Temperature remains consistently above 25 degrees for at least 10 consecutive hours starting from time unit 0.,non-nested
"always[0,120](h_1 > 85) and always[0,120](eventually[0,30](l_1 <= 300)) -> eventually[0,60](q_1 < 50)","If the humidity level h1 remains above 85% for the entire duration of 120 seconds, and during the same period, the light intensity l1 does not exceed 300 lux for at least once in every 30 second window, then the air quality index q1 will improve to below 50 during the subsequent 60 seconds.",nested
"always[0,50](j1 < 45)",The robot's arm joint angle j1 should stay below 45 degrees from start time until 50 time units elapse.,non-nested
"always[100,200]((x_3 < -0.5) -> always[0,50](x_3 < 0.5))","For any time interval from 100 to 200, if signal x_3 is below -0.5, then it must remain below 0.5 until time 250.",non-nested
"always[0,60](always[0,20](V1 > 110) and always[0,20](I1 < 5) -> always[0,60](eventually[0,10](V1 >= 100)))","Every minute, if voltage V1 exceeds 110V for at least 20 seconds continuously, and the current I1 is less than 5A for those seconds, then we should expect that within the following minute, V1 will not drop below 100V for more than 10 consecutive seconds.",nested
"always[0,100](v1 > 15) -> always[0,60](i1 <= 5)","Whenever the voltage v1 stays above 15V for at least 100 seconds, there should subsequently be a 60 second period where current i1 does not exceed 5A.",non-nested
"always[400,1200](z <= 75 and (z < 10 -> eventually[0,100](always[0,30](z > 50))))","Between 400 and 1200 time units, signal z must not exceed 75, and if signal z drops below 10, it should rise above 50 within 100 time units and maintain this level for at least another 30 time units.",nested
"eventually[2,6](s1 == 5)",There will be an instance when signal s1 is exactly 5 any time between 2 and 6 seconds from now.,non-nested
"always[0,15](p1 < 30) -> eventually[10,20](h1 > 80)","Whenever the pressure p1 remains below 30 units in the interval [0,15], it implies that the humidity h1 will exceed 80% at some point during the interval [10,20].",non-nested
"always[0,10]((x_sensor < 2) -> (x_speed < 45))",The autonomous vehicle must maintain a speed less than 45 km/h whenever the proximity sensor detects objects closer than 2 meters for the next 10 seconds.,non-nested
"always[10,30](x_3 > 5) -> eventually[5,15](x_4 > 8)","Whenever signal x_3 remains above 5 between 10 to 30 time units, then signal x_4 should exceed 8 within the subsequent 5 to 15 time units.",non-nested
"always[0,50](p_1 > 40) -> eventually[60,120](p_2 < 10)","If the pressure p1 consistently exceeds 40 units during the initial 50 seconds, then the pressure p2 must decrease to below 10 units for at least one moment between 60 and 120 seconds afterwards.",non-nested
"always[0,50](v_1 < 75) and eventually[60,120](v_1 > 100)","The robot navigational sensor v_1 must stay below 75 units for the first 50 seconds, and then must exceed 100 units at least once between 60 and 120 seconds.",non-nested
"(temp > 30) until[12,18] (temp < 15)",The temperature signal must drop from over 30 degrees to below 15 degrees within a period of 12 to 18 hours.,non-nested
"eventually[0,30](p_1 > 200) -> always[0,60](p_2 >= 100)","If the pressure p1 exceeds 200 units at any point between now and 30 seconds, then pressure p2 must not fall below 100 units continuously throughout the next 60 seconds.",non-nested
"always[0,20](p1 > 15) and always[20,45](p2 <= 30) -> always[45,60](p1 < 10)","Whenever the pressure p1 stays above 15 units for the entire duration between 0 and 20 seconds and the pressure p2 does not exceed 30 units anytime during the next 25 seconds, then the pressure p1 must remain below 10 units throughout the following 15 seconds.",non-nested
"always(d < 2 -> eventually[0,3](v < 10))","Whenever the autonomous vehicle detects an obstacle closer than 2 meters on its path, it should reduce its speed to below 10 km/h within the next 3 seconds.",non-nested
"eventually[0,60](always[0,10](p_1 > 100)) -> always[10,70](s_1 <= 80)","Whenever the pressure p_1 exceeds 100 units for longer than 10 seconds within the first minute, the speed s_1 should not exceed 80 units anytime between 10 and 70 seconds later.",nested
"always[100,200](x_1>1.0 -> always[0,10](x_1<0.5))",The signal x_1 remains below 0.5 for at least the next 10 time units whenever it exceeds 1.0 between 100 and 200 time units.,nested
"always[0,10](p1 > 3) -> (eventually[0,50](always[0,5](p2 < 5))) -> not eventually[0,100](always[0,20](p1 < 2))","If signal p1 stays above 3 for 10 consecutive seconds starting from time 0, and then within the next 50 seconds signal p2 drops below 5 for at least 5 seconds, it implies that within 100 seconds from the start, signal p1 will not drop below 2 for longer than a consecutive 20-second period.",nested
"always[10,30](x_1 < 600) -> eventually[0,1](headlights_on == true)","Whenever the ambient light sensor signal x_1 remains under 600 lux for a period of 10 to 30 seconds, the autonomous vehicle must activate its headlights.",non-nested
"(always[0,5](v1 > 10) or always[0,5](j1 > 300)) -> not eventually[10,20](a1 > 70)","If the velocity of robot v1 stays above 10 units from 0 to 5 seconds or the rotation speed of joint j1 surpasses 300 degrees per second during the same interval, then the robot’s arm a1 should not exceed a 70-degree rotation any time between 10 and 20 seconds.",non-nested
"always[0,10](x_1 < 2)",The acceleration signal x1 must stay below 2 m/s^2 continuously during the first 10 seconds after starting the autonomous vehicle.,non-nested
"always[0,5](x_1 < 5) -> eventually[3,8](x_2 > 10)","As long as x_1 remains below 5 within the first 5 time units, it is necessary that x_2 exceeds 10 at some point between time 3 and 8.",non-nested
"always[100,500](((5 <= z) and (z <= 15))) and (z > 20 -> eventually[0,60](always[0,30](z < 10)))","Between 100 and 500 seconds, signal z must remain within the range [5,15], and whenever signal z exceeds 20, it should return to under 10 within the next 60 seconds and maintain this condition for at least 30 seconds.",non-nested
"always[0,600](v1 > 60) and eventually[0,5](proximity_sensor < 2) -> eventually[0,900](v1 < 30)","If the speed v1 of the autonomous vehicle stays above 60 km/h for 10 continuous minutes, while simultaneously, the proximity sensor detects an object closer than 2 meters for at least 5 seconds, then the vehicle must reduce its speed to less than 30 km/h within the following 15 minutes.",non-nested
"eventually[0,30](always[0,10](proximity < 2)) -> eventually[0,5](speed < 10)","If the autonomous vehicle's proximity sensor detects an object closer than 2 meters for more than 10 seconds within the next 30 seconds, then the vehicle should reduce its speed to below 10 km/h within the following 5 seconds.",nested
"eventually[0,200](always[0,25](d_R1 < 2) -> not eventually[0,60](v_R2 > 10))","Within the next 200 seconds, if robot R1 detects an obstacle at distance less than 2 meters for at least 25 seconds, then robot R2 should not enter the speed zone exceeding 10m/s within the subsequent 60 seconds.",nested
"always[2,8](x_1 > 10) -> eventually[6,9](x_3 > 15)",The signal x1 remains strictly above 10 from time 2 to 8 only if signal x3 exceeds 15 at some point between time 6 and 9.,non-nested
"always((x1>30 and x2>0.5) -> eventually[0,2](x1<30))","If the speed of the autonomous vehicle x1 exceeds 30 km/h when the pedestrian density x2 crosses 0.5 per square meter, the vehicle must reduce its speed to below 30 km/h within the next 2 minutes.",non-nested
"always[0,60](p_1 >= 100 -> eventually[0,20](h_1 < 30))","Every time the pressure p1 reaches or exceeds 100 units between now and 60 seconds, it must be followed within the next 20 seconds by the humidity level h1 dropping below 30%.",nested
"always[0,60](p > 100 -> eventually[0,30](p < 80))","Every time the pressure p exceeds 100 units within the next 60 seconds, it should subsequently return to normal, defined as below 80 units, within the next 30 seconds.",nested
"(obstacle_detected > 0) -> eventually[0,2](speed == 0)","If the autonomous vehicle detects an obstacle on the road ahead, it should stop within 2 seconds.",non-nested
"always[0,10](x_3 > 1.5) and (eventually[5,15](x_4 < 0) -> eventually[0,5](x_5 > 0.5))","Signal x_3 must always remain above 1.5 during the first 10 seconds, but if at any time between 5 and 15 seconds signal x_4 drops below 0, signal x_5 must subsequently rise above 0.5 within 5 seconds.",non-nested
"always(distance < 5 -> always[0,0](speed < speed_vehicle_in_front))",The autonomous vehicle must slow down if the distance between it and the vehicle in front is less than 5 meters at any given time while driving on the highway.,non-nested
"always[10,20](x_3<0.5) -> eventually[15,25](x_4>2.0)","Whenever signal x_3 remains below 0.5 during the interval [10,20], signal x_4 must exceed 2.0 at least once between 15 and 25 time units.",non-nested
"always[1,8](x_1 > 10) -> eventually[3,10](y_1 > 5)","If the robotic arm's torque x_1 exceeds 10 Newton-meters for the entire duration from 1 to 8 seconds, then the pressure sensor value y_1 must eventually exceed 5 Pascal within the time frame from 3 to 10 seconds.",non-nested
"always[0,10](x_speed > 50) until[0,10](x_traffic_density > critical_level)",The autonomous vehicle should maintain a speed greater than 50 km/h unless traffic density exceeds a critical level within the next 10 minutes.,non-nested
"eventually[0,10](x_1 > 3) -> eventually[0,15](always[0,5](x_2 < 20))","Whenever robot sensor x1 measures vibration intensity greater than 3 within the first 10 seconds, it should guarantee that sensor x2 will detect a temperature decline below 20 degrees continuously for at least 5 seconds, anytime within 15 seconds after the vibrations.",nested
"always[0,10](v_r >= 3) -> eventually[5,15](height_A > 50)","If robot velocity v_r remains at least 3 m/s from time 0 to 10 seconds, then there must be a moment within the next 5 to 15 seconds where robot A achieves a height greater than 50 meters.",non-nested
"eventually[0,10](x_speed > 80 and in_highway == true) -> eventually[0,5](x_speed < 60)","If the autonomous vehicle's speed exceeds 80 km/h at any moment during the first 10 minutes while in a highway zone, then it must reduce speed to below 60 km/h within the next 5 minutes.",non-nested
"eventually[0,50](s_1 > 40) -> always[0,30](s_1 < 20)","If at any point within the first 50 seconds, the robotic arm's speed s1 exceeds 40 units, it must then maintain a speed below 20 units for at least the next 30 seconds.",non-nested
"always[0,200](eventually[0,0](y1 < 3) -> always[10,20](y3 > 5))","From the start of the observation until 200 units of time, signal y1 remaining under 3 at any moment implies that signal y3 will exceed 5 continuously between 10 and 20 units later.",nested
"always[0,1000](z<50) -> eventually[0,200](z>75 or z<20)","When signal z remains below 50 from the start until 1000 time units, it must either exceed 75 or fall below 20 within the next 200 time units.",non-nested
"eventually[0,30](v > 120) and always[30,60](v > 80)",The value of signal v surpasses 120 at least once within the first 30 seconds and then remains above 80 continuously till the 60th second.,non-nested
"always[0,50](p > 120) and eventually[60,100](v > 30) -> eventually[0,200](always[0,30](t < 40))","If pressure p remains consistently above 120 units from 0 to 50 time units and velocity v exceeds 30 m/s between 60 and 100 time units, then within the next 200 seconds, temperature t must stay below 40 degrees for at least 30 consecutive seconds.",non-nested
"eventually[0,60](h1 > 80) -> always[0,120](p1 > 750)","If humidity h1 exceeds 80% at any point within the next 60 seconds, then for the subsequent 120 seconds, pressure p1 must remain above 750 hPa continuously.",non-nested
"always[2,7](p1 > 120) -> eventually[5,10](v1 <= 100)","If the pressure p1 exceeds 120 bars continually during the interval [2,7], then the valve v1's position will not exceed 100 degrees at least once between times [5,10].",non-nested
"eventually[0,15](speed > 60) -> eventually[0,30](speed < 40)","Whenever the speed of the autonomous vehicle exceeds 60 km/h during a time period from 0 to 15 seconds, it must reduce speed to below 40 km/h within the next 30 seconds to ensure safe driving conditions.",non-nested
"always(zone==1 -> always[0,60](speed < 30))","The autonomous vehicle should maintain a speed lower than 30 km/h whenever it enters a school zone, which is indicated by `zone[t] = 1`, without exceeding this speed limit in the subsequent 60 seconds.",non-nested
"always[0,5](x1 > 100)",The temperature signal x1 remains above 100 degrees for the entire duration from t=0 to t=5 hours.,non-nested
"always(x_obstacle > 0 -> eventually[0,2](x_speed == 0))","If the autonomous vehicle detects an obstacle on the road ahead at any time during a journey, it should come to a complete stop within 2 seconds.",non-nested
"always(x_1>10 -> eventually[1,2](x_1<8))",Whenever signal x_1 exceeds 10 a drop below 8 must occur within the next 1 to 2 time units.,nested
"always[5,15](x_3 > 10) -> eventually[10,20](x_4 > 20)","The signal x3 remains steadily above 10 from time 5 to time 15, and this implies that signal x4 will exceed 20 at least once between time 10 and 20.",non-nested
"eventually[0,120](always[0,40](p1 > 20) and always[0,75](p2 <= 35)) -> always[120,180](p1 > 25)","If the pressure p1 is above 20 units for at least 40 seconds within the first 2 minutes, and simultaneously p2 does not exceed 35 units in the first 75 seconds, then ensure that for the next minute, p1 remains over 25 units.",nested
"always[0,60](v <= 50)",The velocity of the autonomous vehicle must not exceed 50 km/h for the entire duration between 0 and 60 seconds.,non-nested
"always[0,10](obstacle_distance < 20) -> eventually[0,30](speed < 5)","If the autonomous vehicle detects an obstacle within 20 meters for at least 10 seconds, then it should decelerate to less than 5 km/h within the following 30 seconds.",non-nested
"always[0,30](p_1 > 100) and eventually[0,30](v_1 < 20) -> always[10,40](p_2 <= 150)","Whenever the pressure p1 exceeds 100 units continuously from 0 to 30 seconds, if at any time during these moments the volume v1 decreases to less than 20 units, then pressure p2 must not exceed 150 units in the interval [10,40].",non-nested
"always[0,100](x_3<0.5) -> eventually[5,7](x_4>0.9)","For the initial 100 seconds, if signal x_3 remains below 0.5 throughout, then at some point between 5 to 7 seconds thereafter, signal x_4 must exceed 0.9.",non-nested
"always[0,50](p1 > 500 -> always[5,10](h1 < 30))","Whenever the pressure p1 exceeds 500 units from time 0 to 50 units, the humidity h1 must remain below 30 units from 5 to 10 units thereafter.",nested
"always[0,10](t_1 > 30) -> (always[0,10](h_1 < 75) and eventually[5,15](p_1 < 1000))","Whenever the temperature t_1 remains above 30 degrees from time 0 to 10, it is necessary that the humidity h_1 stays below 75% during the same interval, and subsequently, the pressure p_1 must drop below 1000 hPa within the next 5 to 15 time units.",non-nested
"eventually[3,10](x_2 < 0.5) -> always[0,5](x_1 > 0.8)","If signal x_2 decreases below 0.5 at any time between 3 and 10 seconds, it must be preceded by signal x_1 being consistently above 0.8 throughout the initial 5 seconds.",non-nested
"always[0,5](x_3 > 7) and always[6,10](x_3 <= 10)","The activation level x3 remains continuously above the threshold of 7 from 0 to 5 minutes, but from 6 to 10 minutes, it must not exceed the threshold level of 10.",non-nested
"always[0,600](speed < 50) and (temp > 35 -> eventually[0,300](speed < 30))","The autonomous vehicle must maintain a speed less than 50 km/h for the entire first 10 minutes of operation, but if the external temperature rises above 35 degrees Celsius, the car should reduce the speed to less than 30 km/h within the following 5 minutes.",non-nested
"(z > 1.2) until[10,20] (z < 0.3)",The signal z remains above 1.2 until it drops below 0.3 at any moment between 10 and 20 seconds.,non-nested
"always[0,50](p_1 < 30) -> eventually[60,120](h_1 > 85)","Whenever the pressure p1 stays below 30 psi continuously throughout the duration from 0 to 50 seconds, it implies that the humidity h1 will exceed 85% at least once between 60 and 120 seconds.",non-nested
"always[0,10](speed < 25) -> eventually[0,30](pedestrian_alert == true)","If the autonomous vehicle's speed remains below 25 km/h while approaching a school zone for at least 10 seconds, then it must activate the pedestrian alert system within the next 30 seconds.",non-nested
"always[0,30](x_1 < 0.5) -> eventually[0,60](x_2 > 0.8)","Whenever the robot's proximity sensor x_1 detects an object closer than 0.5 meters for at least 30 consecutive seconds, then within the following 60 seconds, the robot must issue a warning alert via signal x_2.",non-nested
"always[0,60](x < 10) -> (eventually[100,200](x > 20) and always[100,200](z >= -5))","Whenever signal x remains below 10 within the first 60 time units, it should exceed 20 at some point between 100 and 200 time units, and simultaneously, signal z must not fall below -5 during the entire 100 to 200 time unit interval.",non-nested
"always[100,500](z <= 50) and eventually[600,800](z < 10)","Signal z must not exceed 50 from time 100 to 500, and must go below 10 at least once between 600 and 800.",non-nested
"always[2,6](x_3 < -0.5) -> eventually[3,7](x_4 > 1.0)","Whenever the signal x3 remains below -0.5 throughout the interval [2,6], it implies that the signal x4 must exceed 1.0 at least once between [3,7].",non-nested
"always(v1 > 60 -> eventually[0,5](v1 <= 50))","Whenever the speed of the autonomous vehicle v1 exceeds 60 km/h, it should return to 50 km/h or lower within the next 5 minutes.",non-nested
"always[0,30](d_pedestrian < 10) -> eventually[0,60](speed < 10)","If the autonomous vehicle detects a pedestrian within a distance of 10 meters for at least 30 seconds, it should reduce its speed to less than 10 km/h within the next 60 seconds.",non-nested
"always[0,100]((x_3<=0.5) -> eventually[2,4](x_4<0.3))","Within the first 100 units of operation, the robot must consistently ensure that if signal x_3 does not exceed 0.5, then within 2 to 4 units, signal x_4 must be below 0.3.",non-nested
"always[0,10](p1 < 300) -> eventually[15,25](v1 > 100)","Whenever the pressure p1 stays below 300 psi continuously from now until 10 seconds, it should be followed by vibration v1 exceeding 100 Hz at any point between 15 to 25 seconds.",non-nested
"eventually[1,4](x_2 < 0.3) and eventually[5,7](y_2 > 0.6) -> always[6,9](z_2 > 0.8)","If the signal x_2 decreases below 0.3 anytime between 1 and 4 seconds, and subsequently signal y_2 increases above 0.6 between 5 and 7 seconds, then signal z_2 must exceed 0.8 during the whole interval from 6 to 9 seconds.",non-nested
"always[2,12](x_1 > 3)","The robot's arm position signal x_1 remains steady above 3 units throughout the span of 10 seconds, starting at 2 seconds up to 12 seconds.",non-nested
"always[0,60](x + y < 100) -> eventually[61,110](x * y > 200)","Ensure that from the start up to 60 seconds, the sum of signals x and y stays below 100 continuously, then necessarily within the subsequent 50 seconds, the product of x and y should exceed 200 at least once.",non-nested
"always[0,5] (not (J1 > 45)) -> eventually[5,15] (J2 > 90)","If the robot's joint J1 does not exceed an angle of 45 degrees continuously for the first 5 seconds, then within the subsequent 10 seconds, the robot’s joint J2 must rotate to exceed 90 degrees.",non-nested
"always[50,150](avg_temp > 20) -> eventually[180,200](humidity > 40)","If the average temperature between time 50 to 150 stays above 20 degrees, then the humidity must rise above 40% for at least one instance between 180 to 200 time units.",non-nested
"always[2,4](x_2 < 10) -> eventually[5,8](x_4 > 12)","Whenever the signal x_2 stays below 10 during the interval [2,4], it is guaranteed that x_4 will exceed 12 at least once in the following interval [5,8].",non-nested
"eventually[2,6](y1 > 3) -> always[0,5](y2 < 1)","Whenever signal y1 exceeds 3 between the times 2 and 6, it must always be that signal y2 is less than 1 during the entire interval from 0 to 5.",non-nested
"always[0,15](speed > 60) -> always[15,45](distance_to_front_vehicle >= 10)","If the autonomous vehicle is traveling above 60 km/h for at least 15 continuous seconds, it should keep a minimal distance of 10 meters from the vehicle directly in front for the subsequent 30 seconds.",non-nested
"eventually[0,20](v > 5) -> always[0,40](p > 80)","If robot speed v exceeds 5 m/s within the next 20 seconds, then for at least 40 seconds immediately following this, the battery power p must remain above 80 percent.",non-nested
"always[0,10](x1 > 1.5) -> always[0,20](x2 < 2)","If a robot's proximity sensor distance x1 remains above 1.5 meters for at least 10 seconds, then within the following 20 seconds, the motor speed x2 should consistently be less than 2 m/s.",non-nested
"always[0,10](x_10 > 5) -> eventually[5,15](y_10 < 2)","Whenever the robot's proximity sensor x_10 remains above 5 during the entire duration [0,10], it must ensure that the motor speed y_10 should drop to less than 2 at any time between [5,15].",non-nested
