STL,English,Type,Predicate_Map,Status
eventually [t1:t2] (rise (pred1 and pred2)),"Ultimately there must exist a certain time instant within t1 to t2 time units, at which rise(pred1 and pred2) must be observed.",invariance_reachability,pred1 = sig1 >= val1; pred2 = sig1 <= val2,ok
always ( eventually (pred1) -> eventually [t1:t2] (pred2) ),"In the case there will be a certain time instant in the future before the end of the simulation at which pred1 holds, then in response ultimately pred2 holds at a certain time instant in the next t1 to t2 time units.",temporal_response,pred1 = sig1 <= val1; pred2 = sig2 == val2,ok
always ( rise (pred1) -> not (pred2 and pred3) and rise (pred4) ),On condition that rise(pred1) happens then all of the following conditions are true: without any delay not (pred2 and pred3) and rise(pred4) will be observed instantly.,immediate_response,pred1 = sig1 == val1; pred2 = sig2 >= val2; pred3 = sig2 <= val3; pred4 = sig3 >= val4,ok
always [0:t1] (pred1 or pred2),"For each time point during the first t1 time units, pred1 or pred2 holds.",invariance_reachability,pred1 = sig1 < val1; pred2 = sig2 == val2,ok
eventually [0:t1] (pred1),"At a certain time point in the first t1 time units, pred1 needs to be satisfied.",invariance_reachability,pred1 = sig1 < val1,ok
always ( not (pred1 since [t1:t2] pred2) -> always [t3:t4] pred3 ),"Globally, when not (pred1 since [t1:t2] pred2) holds, pred3 must hold continuously for every moment in the coming t3 to t4 time units.",temporal_response,pred1 = sig1 == val1; pred2 = sig2 == sig3; pred3 = sig4 >= val2,ok
always ( pred1 or pred2 -> always [0:t1] (eventually (rise (pred3 and pred4))) ),"It is always the case that whenever pred1 or pred2, then for each time instant in the next t1 time units, eventually before the end of the simulation, rise(pred3 and pred4) has to be detected.",stabilization_recurrence,pred1 = sig1 > val1; pred2 = sig2 == sig3; pred3 = sig4 > val2; pred4 = sig4 < val3,ok
always ( rise (pred1 and pred2) or rise (pred3) -> (pred4) until [0:t1] (not (pred5)) ),"Globally, if rise(pred1 and pred2) occurs or rise(pred3) is detected, then pred4 must hold until, within the following t1 time units, not (pred5) holds.",temporal_response,pred1 = sig1 > val1; pred2 = sig1 <= val2; pred3 = sig2 > val3; pred4 = sig3 == sig4; pred5 = sig5 == sig6,ok
always ( once [0:t1] (pred1) -> eventually [0:t2] (not (pred2)) ),"Everytime when there would exist a certain time instant in the last t1 time units, at which pred1 holds, then all of the following conditions hold: there must be eventually a certain moment within t2 time units, at which not (pred2) holds.",temporal_response,pred1 = sig1 < val1; pred2 = sig2 == val2,ok
always [0:t1] (pred1 and pred2),"For each time point within the first t1 time units, without interruption pred1 and pred2 must hold.",invariance_reachability,pred1 = sig1 < val1; pred2 = sig2 <= val2,ok
always ( pred1 -> always [0:t1] (pred2) ),"When pred1, then the following condition is true: pred2 consecutively for each time instant within the next t1 time units.",temporal_response,pred1 = sig1 == val1; pred2 = sig2 == val2,ok
eventually [0:t1] (rise (pred1)),"Eventually there has to be a certain time instant within t1 time units, at which rise(pred1) needs to happen.",invariance_reachability,pred1 = sig1 == sig2,ok
always ( rise (pred1) -> pred2 and fall (pred3 and pred4) ),"Globally, in case that rise(pred1) is detected, then the following condition is true: pred2 at the same time, and instantly fall(pred3 and pred4) will happen.",immediate_response,pred1 = sig1 >= val1; pred2 = sig2 < val2; pred3 = sig3 > val3; pred4 = sig3 <= val4,ok
always ( rise (pred1) -> eventually [0:t1] (pred2) ),"It is always the case that when rise(pred1) is detected, then pred2 should finally hold at a certain time point during the next t1 time units.",temporal_response,pred1 = sig1 < val1; pred2 = sig2 >= val2,ok
always ( pred1 and pred2 -> always (eventually [0:t1] (pred3)) ),"In the case pred1 and pred2, then all of the following conditions are true: for each time point in the future till the simulation ends at sometime within the subsequent t1 time units pred3 is eventually true.",stabilization_recurrence,pred1 = sig1 < val1; pred2 = sig2 >= val2; pred3 = sig3 < val3,ok
always ( pred1 and pred2 -> rise ((pred3) until [0:t1] (rise (pred4 and pred5))) ),When pred1 and pred2 then rise(pred3 until [0:t1] rise(pred4 and pred5)) ought to occur.,temporal_response,pred1 = not (sig1 > val1); pred2 = sig2 == val2; pred3 = sig3 <= val3; pred4 = sig4 > val4; pred5 = sig4 < val5,ok
eventually (rise (pred1) or pred2),"At sometime in the future before the end of the simulation, rise(pred1) should eventually get observed, or pred2 has to be finally true.",invariance_reachability,pred1 = sig1 <= val1; pred2 = sig2 >= val2,ok
always ( pred1 and pred2 -> always [0:t1] (pred3) ),In case that pred1 and pred2 then pred3 shall keep consistently for each moment within the first t1 time units.,temporal_response,pred1 = sig1 == sig2; pred2 = sig3 < val1; pred3 = sig4 <= val2,ok
always ( not fall (pred1) -> always [t1:t2] (eventually (rise (pred2))) ),"While fall(pred1) is not observed, then for each moment during the next t1 to t2 time units, eventually rise(pred2) is detected before the simulation ends.",stabilization_recurrence,pred1 = sig1 >= val1; pred2 = sig2 > val2,ok
always ( rise (pred1) -> eventually [0:t1] (always [0:t2] (pred2)) ),"It is always the case that everytime when rise(pred1) is detected, then in response there will be a certain time point within t1 time units ultimately, after which pred2 has to hold consecutively for every time instant within the subsequent t2 time units.",stabilization_recurrence,pred1 = sig1 >= val1; pred2 = sig2 == sig3,ok
always ( (pred1 and pred2) or pred3 -> eventually [t1:t2] (always (pred4)) ),"It is always the case that in case that pred1 and pred2, or pred3, then the following condition holds: there shall be a time within the first t1 to t2 time units finally, at which pred4 will be uninterruptedly true in the future till the simulation ends.",stabilization_recurrence,pred1 = sig1 > val1; pred2 = sig1 < val2; pred3 = sig2 > t2; pred4 = sig3 >= val4,ok
always [0:t1] (pred1 or pred2),"For each time instant within t1 time units, pred1 or pred2 has to consistently hold.",invariance_reachability,pred1 = sig1 == val1; pred2 = sig2 > val2,ok
always ( rise (pred1 and pred2) -> eventually [0:t1] (rise (pred3)) ),"In the case rise(pred1 and pred2) is observed, then the following condition is true: there is a time in the next t1 time units, at which rise(pred3) needs to finally take place.",temporal_response,pred1 = sig1 > val1; pred2 = sig1 < val2; pred3 = sig2 < val3,ok
always ( pred1 since [t1:t2] (not (pred2)) -> always (pred3) ),"On condition that pred1 since [t1:t2] (not (pred2)) holds, the following condition holds: in the future before the simulation ends without interruption pred3.",temporal_response,pred1 = sig1 == val1; pred2 = sig2 >= val2; pred3 = sig3 < val3,ok
always [val1:t1] (pred1 and pred2),"For each time instant within val1 to t1 time units, pred1 and pred2 hold uninterruptedly and consistently.",invariance_reachability,pred1 = sig1 > val1; pred2 = sig2 == sig3,ok
eventually [0:t1] (not (pred1) and fall (pred2)),There is a time within the first t1 time units at which not (pred1) and fall(pred2) hold eventually.,invariance_reachability,pred1 = sig1 == val1; pred2 = sig2 == val2,ok
always ( fall (pred1 and pred2) -> not ((pred3) since [t1:t2] (pred4)) ),"It is always the case that every time fall(pred1 and pred2) occurs, then in response not (pred3 since [t1:t2] pred4) will be true.",temporal_response,pred1 = sig1 >= val1; pred2 = sig1 <= val2; pred3 = sig2 == sig3; pred4 = sig4 > val3,ok
always ( rise (pred1) -> (pred2) until [t1:t2] (pred3) ),"When rise(pred1) is detected, then pred2 has to hold consecutively until pred3 ultimately holds at a time during the following t1 to t2 time units.",temporal_response,pred1 = sig1 <= val1; pred2 = sig2 == val2; pred3 = sig3 == sig4,ok
always ( not (pred1) or not (pred2) -> pred3 and pred4 ),"Always, if not (pred1) or not (pred2), then immediately pred3 and pred4.",immediate_response,pred1 = sig1 <= val1; pred2 = sig2 >= val2; pred3 = sig3 > val3; pred4 = sig4 == sig5,ok
always ( rise (pred1 and pred2) -> always [0:t1] (pred3 and pred4) ),"It is always the case that if rise(pred1 and pred2) takes place, then pred3 and pred4 will sustain for every time point within the next t1 time units.",temporal_response,pred1 = sig1 > val1; pred2 = sig1 < val2; pred3 = sig2 > val3; pred4 = sig2 < val4,ok
always ( pred1 and pred2 -> pred3 or not rise (pred4) ),"Everytime when pred1 and pred2, then the following condition is true: at once pred3, or at the same time instant not rise(pred4).",immediate_response,pred1 = sig1 < val1; pred2 = sig2 >= val2; pred3 = sig3 < val3; pred4 = sig4 >= val4,ok
always ( once (pred1) -> eventually [t1:t2] (pred2) ),"Globally, in case that once(pred1) then in response pred2 will have to hold eventually at a certain moment in the first t1 to t2 time units.",temporal_response,pred1 = sig1 < val1; pred2 = sig2 == val2,ok
always (pred1),In the future before the simulation ends pred1 will have to hold consistently.,invariance_reachability,pred1 = sig1 == val1,ok
always ( rise (pred1) -> not (always [t1:t2] (pred2)) ),"Globally, everytime when rise(pred1) happens then not (always [t1:t2] (pred2)) in the subsequent t1 to t2 time units.",temporal_response,pred1 = sig1 < val1; pred2 = sig2 == sig3,ok
always ( rise (pred1) and pred2 -> pred3 and pred4 ),It is always the case that everytime when rise(pred1) and pred2 then all of the following conditions hold: promptly pred3 and pred4.,immediate_response,pred1 = sig1 == val1; pred2 = sig2 < val2; pred3 = sig3 > val3; pred4 = sig3 < val4,ok
eventually (pred1 and rise (pred2)),"At sometime in the future, pred1 eventually, and rise(pred2) will occur ultimately.",invariance_reachability,pred1 = sig1 == sig2; pred2 = sig3 < val1,ok
always [val1:t1] (pred1 and pred2),Continuously pred1 and pred2 for every time point during the interval from val1 to t1 time units.,invariance_reachability,pred1 = sig1 > val1; pred2 = sig1 <= val2,ok
always ( once [0:t1] (pred1) -> not (always [0:t2] (pred2)) ),"In case that once [0:t1] pred1, then in response not (always [0:t2] pred2).",temporal_response,pred1 = sig1 < val1; pred2 = sig2 == sig3,ok
always ( pred1 and pred2 -> always [0:t1] (not (pred3)) ),"While pred1 and pred2 then all of the following conditions are true: for each time point within the following t1 time units, not (pred3).",temporal_response,pred1 = sig1 < val1; pred2 = sig2 >= val2; pred3 = sig3 == sig4,ok
always ( rise (pred1) -> pred2 ),"Globally, when rise(pred1), then pred2 holds at the same time point.",immediate_response,pred1 = sig1 == sig2; pred2 = sig3 == val1,ok
always ( not (once [t1:t2] (pred1 and pred2)) -> eventually [0:t3] (always [0:t4] (pred3 and pred4)) ),"It is always the case that if not (once during the last t1 to t2 time units (pred1 and pred2)), then in response eventually within the following t3 time units, always during the following t4 time units (pred3 and pred4).",stabilization_recurrence,pred1 = sig1 > val1; pred2 = sig1 < val2; pred3 = sig2 > val3; pred4 = sig2 < val4,ok
always [0:t1] (pred1 and pred2),"For every moment in the first t1 time units, pred1 and pred2 should consistently hold.",invariance_reachability,pred1 = sig1 == sig2; pred2 = sig3 == val1,ok
always ( fall (pred1) -> rise (pred2) ),"It is always the case that whenever fall(pred1) gets detected, then rise(pred2) will have to get observed at the same time point.",immediate_response,pred1 = sig1 == val1; pred2 = sig2 > val2,ok
always (pred1),"In the future until the end of the simulation, pred1 ought to always remain true.",invariance_reachability,pred1 = sig1 == val1,ok
always ( always (pred1 and pred2) -> always [0:t1] (eventually [0:t2] (pred3)) ),"Globally, whenever pred1 and pred2 will stay true consecutively in the future till the end of the simulation, then all of the following conditions hold: for each time point in the first t1 time units, pred3 must eventually hold within the next t2 time units.",stabilization_recurrence,pred1 = sig1 >= val1; pred2 = sig1 <= val2; pred3 = sig2 >= val3,ok
always [t1:t2] (not (pred1) and not (pred2)),For every time point during the first t1 to t2 time units continuously pred1 should not hold and consecutively pred2 should not hold.,invariance_reachability,pred1 = sig1 <= val1; pred2 = sig2 == sig3,ok
always ( pred1 or pred2 -> pred3 ),"Globally, if pred1 or pred2, then pred3 holds at once.",immediate_response,pred1 = sig1 >= val1; pred2 = sig2 > val2; pred3 = sig3 == sig4,ok
eventually [0:t1] (pred1 and pred2),At a certain moment in the first t1 time units pred1 and pred2 ought to hold.,invariance_reachability,pred1 = sig1 >= val1; pred2 = sig2 > val2,ok
always ( not fall (pred1) and pred2 -> (not (pred3)) since [0:t1] (fall (pred4 and pred5)) ),"When not fall(pred1) and pred2, then in response, since [0:t1] fall(pred4 and pred5) occurred, not (pred3) has held continuously.",temporal_response,pred1 = sig1 == val1; pred2 = sig2 == sig3; pred3 = sig4 == sig5; pred4 = sig6 > t1; pred5 = sig6 <= val1,ok
always ( pred1 -> rise (always (not (pred2))) ),"Always, in the case pred1 holds, then in response the following condition has to shift from false to true: always (not (pred2)) keeps in the future till the end of the simulation.",temporal_response,pred1 = _ >= val1; pred2 = sig1 < val2,ok
always ( fall (pred1) -> (not (pred2)) until (rise (pred3 and pred4)) ),"It is always the case that if fall(pred1) is detected then rise(pred3 and pred4) needs to happen eventually at a certain time point in the future before the execution ends, and before this not (pred2) shall hold.",temporal_response,pred1 = sig1 == val1; pred2 = sig2 > val2; pred3 = _ >= val3; pred4 = _ <= val4,ok
eventually [t1:t2] (pred1 or pred2),"At a certain time instant in the first t1 to t2 time units, eventually pred1 or pred2.",invariance_reachability,pred1 = sig1 < val1; pred2 = sig2 <= val2,ok
always ( pred1 and pred2 -> eventually [0:t1] (always [0:t2] (pred3 and pred4)) ),"On condition that pred1 and pred2 then in response ultimately there needs to be sometime in the first t1 time units, at which for each time instant within the subsequent t2 time units, uninterruptedly pred3 and pred4 should hold.",stabilization_recurrence,pred1 = sig1 >= val1; pred2 = sig2 > val2; pred3 = sig3 > val3; pred4 = sig3 < val4,ok
always ((pred1 and pred2) and pred3),"In the future till the simulation ends, pred1 and pred2 and pred3 ought to hold consecutively.",invariance_reachability,pred1 = sig1 > val1; pred2 = sig1 < val2; pred3 = sig2 < val3,ok
always ( pred1 -> always (pred2) ),"Globally, in case that pred1 then all of the following conditions hold: in the future until the end of the execution, pred2 ought to hold without interruption.",temporal_response,pred1 = sig1 == sig2; pred2 = sig3 == val1,ok
always ( fall (pred1) -> pred2 and pred3 ),"As soon as fall(pred1) happens, then in response pred2 and pred3 should hold at the same time point.",immediate_response,pred1 = sig1 == sig2; pred2 = sig3 > val1; pred3 = sig3 < val2,ok
always ( not (historically [0:t1] (pred1)) -> eventually (always [0:t2] (pred2)) ),"It is always the case that everytime when historically [0:t1] (pred1) is not true, then in response finally at a certain time point in the future before the end of the execution always [0:t2] (pred2) must hold.",stabilization_recurrence,pred1 = sig1 == val1; pred2 = sig2 == val2,ok
always ( (not fall (pred1 and pred2)) until [0:t1] (fall (pred3)) -> eventually (fall (pred4)) ),"As soon as fall(pred3) gets observed finally at a certain time point in the subsequent t1 time units, till then consistently not fall(pred1 and pred2) holds, then the following condition holds: eventually fall(pred4).",temporal_response,pred1 = sig1 >= val1; pred2 = sig1 <= val2; pred3 = sig2 == sig3; pred4 = sig4 == sig5,ok
always [val1:t1] (not (pred1 and pred2) or pred3),"From val1 to t1 time units, not (pred1 and pred2) or pred3 must always hold.",invariance_reachability,pred1 = sig1 > val1; pred2 = sig1 < val2; pred3 = sig2 >= val3,ok
always ( rise (pred1 and pred2) -> always [0:t1] (eventually [0:t2] (rise (pred3 and pred4))) ),In the case rise(pred1 and pred2) is detected then the following condition holds: for each moment within the coming t1 time units eventually at a certain time instant in the coming t2 time units rise(pred3 and pred4) ought to happen.,stabilization_recurrence,pred1 = sig1 >= val1; pred2 = sig1 <= val2; pred3 = sig2 >= val3; pred4 = sig2 <= val4,ok
always ( fall (pred1 and pred2) -> pred3 until [val1:t1] (pred4 and pred5) ),"It is always the case that if fall(pred1 and pred2) occurs, then pred3 shall hold continuously until eventually (pred4 and pred5) is detected within [val1, t1] time units.",temporal_response,pred1 = sig1 >= val1; pred2 = sig1 <= val2; pred3 = sig2 >= val3; pred4 = sig3 >= val4; pred5 = sig3 <= val5,ok
always ( pred1 -> eventually (pred2) ),"Globally, everytime when pred1, then all of the following conditions are true: there needs to exist a time in the future before the end of the simulation, at which pred2.",temporal_response,pred1 = sig1 == sig2; pred2 = sig3 == val1,ok
always ( not fall (pred1) -> always [t1:t2] (eventually (rise (pred2))) ),"While not fall(pred1), then for each time instant within the first t1 to t2 time units, eventually rise(pred2) occurs before the end of the execution.",stabilization_recurrence,pred1 = sig1 >= val1; pred2 = sig2 > val2,ok
eventually (fall (pred1)),"At sometime in the future before the end of the simulation, fall(pred1) should get detected eventually.",invariance_reachability,pred1 = sig1 == sig2,ok
always ( rise (pred1) -> pred2 and pred3 ),"Globally, everytime when rise(pred1) gets detected then all of the following conditions hold: pred2 and pred3.",immediate_response,pred1 = sig1 < val1; pred2 = sig2 == sig3; pred3 = sig4 == sig5,ok
eventually [0:t1] (pred1 and rise (pred2)),"There ought to be a time in less than t1 time units, at which pred1, and finally rise(pred2) shall occur.",invariance_reachability,pred1 = sig1 == sig2; pred2 = sig3 >= val1,ok
always [t1:t2] (not fall (pred1 and pred2) or not (pred3)),"For each time instant in the first t1 to t2 time units, uninterruptedly fall(pred1 and pred2) will never be detected, or consecutively pred3 ought never to hold.",invariance_reachability,pred1 = sig1 > val1; pred2 = sig1 < val2; pred3 = sig2 > val3,ok
always [0:t1] (pred1 or pred2),"For every time instant during the first t1 time units, pred1 or pred2 must hold.",invariance_reachability,pred1 = sig1 == sig2; pred2 = sig3 < val1,ok
always ( historically [0:t1] (pred1) -> eventually [0:t2] (always [0:t3] (pred2)) ),"If pred1 has sustained without interruption for the past t1 time units then finally at a certain time point in the coming t2 time units, pred2 will hold consecutively for every time point in the coming t3 time units.",stabilization_recurrence,pred1 = sig1 == val1; pred2 = sig2 == val2,ok
always [t1:t2] (pred1 or pred2),"For every time point during the first t1 to t2 time units, pred1 holds consecutively or pred2 continuously holds.",invariance_reachability,pred1 = sig1 == val1; pred2 = sig2 == val2,ok
always [t1:t2] (pred1),pred1 will have to hold for every time point during the first t1 to t2 time units.,invariance_reachability,pred1 = sig1 >= val1,ok
always ( rise (pred1) -> pred2 until [0:t1] pred3 ),"If rise(pred1) is observed then pred3 must eventually hold within the coming t1 time units, and until then pred2 must hold continuously.",temporal_response,pred1 = sig1 <= val1; pred2 = sig2 <= val2; pred3 = sig3 <= val3,ok
always ( (pred1) since [t1:t2] (pred2) -> always [0:t3] (eventually [0:t4] (pred3)) ),"In case that pred1 has been sustaining consistently since pred2, which would be observed sometime within the elapsed t1 to t2 time units, then all of the following conditions hold: for each time point during the coming t3 time units, at a time in less than t4 time units, ultimately pred3 needs to hold.",stabilization_recurrence,pred1 = sig1 == sig2; pred2 = sig3 >= val1; pred3 = sig4 == sig5,ok
always ( rise (pred1 and pred2) -> pred3 until [0:t1] (pred4 and pred5) ),"As soon as rise(pred1 and pred2) takes place, then pred3 shall hold until [0:t1] (pred4 and pred5) finally holds at a certain time instant in the next t1 time units.",temporal_response,pred1 = sig1 > val1; pred2 = sig1 <= val2; pred3 = sig2 >= val3; pred4 = sig3 > val4; pred5 = sig3 < val5,ok
always (pred1 or pred2),"In the future before the simulation ends, pred1 will have to hold all the time or pred2 needs to uninterruptedly hold.",invariance_reachability,pred1 = sig1 == sig2; pred2 = sig3 <= val1,ok
always [t1:t2] (pred1),pred1 will hold without interruption for the first t1 to t2 time units.,invariance_reachability,pred1 = sig1 >= val1,ok
always ( rise (pred1) and pred2 -> not (eventually (pred3 and pred4)) ),"It is always the case that if rise(pred1) and pred2 occur, then in response not (eventually (pred3 and pred4)) before the end of the simulation.",temporal_response,pred1 = sig1 > val1; pred2 = sig2 > val2; pred3 = sig3 > val3; pred4 = sig3 <= val4,ok
always [0:t1] (pred1),"For every time instant in the first t1 time units, pred1 should hold.",invariance_reachability,pred1 = sig1 >= val1,ok
eventually (rise (pred1)),"There ought to be finally a time in the future before the end of the execution, at which rise(pred1) gets detected.",invariance_reachability,pred1 = sig1 == sig2,ok
always ( (not (pred1)) since [t1:t2] (pred2) -> always [0:t3] (eventually [0:t4] (rise (pred3 and pred4))) ),"In the case there will exist a time within the elapsed t1 to t2 time units at which pred2 occurs once, after that without interruption not (pred1), then in response for every time point within the subsequent t3 time units, rise(pred3 and pred4) ought to eventually happen at a time in the next t4 time units.",stabilization_recurrence,pred1 = sig1 == sig2; pred2 = sig3 == val1; pred3 = sig4 >= val2; pred4 = sig4 < val3,ok
always [t1:t2] (pred1),Consistently pred1 for every time instant within t1 to t2 time units.,invariance_reachability,pred1 = sig1 == sig2,ok
always [t1:t2] (not (pred1 and pred2) or not (pred3)),"For each moment within the first t1 to t2 time units, not (pred1 and pred2) must hold continuously, or continuously not (pred3) must hold.",invariance_reachability,pred1 = sig1 > val1; pred2 = sig1 < val2; pred3 = sig2 == sig3,ok
always ( rise (pred1 and pred2) -> (pred3 and pred4) until [0:t1] (pred5 and pred6) ),It is always the case that everytime when rise(pred1 and pred2) occurs then all of the following conditions hold: pred3 and pred4 until pred5 and pred6 at a certain moment in the first t1 time units.,temporal_response,pred1 = sig1 >= val1; pred2 = sig1 <= val2; pred3 = sig2 >= val3; pred4 = sig2 <= val4; pred5 = sig3 > val5; pred6 = sig3 < val6,ok
always ( pred1 -> always [0:t1] (eventually [0:t2] (rise (pred2))) ),"It is always the case that every time pred1, then for every time instant during the following t1 time units there must be a certain time point during the subsequent t2 time units at which rise(pred2) occurs.",stabilization_recurrence,pred1 = sig1 == val1; pred2 = sig2 == sig3,ok
always ( once [0:t1] (pred1) -> rise ((pred2) until (rise (pred3))) ),"As soon as once [0:t1] (pred1) holds, then rise((pred2) until (rise(pred3))) ought to be observed before the simulation ends.",temporal_response,pred1 = sig1 == val1; pred2 = sig2 >= val2; pred3 = sig3 < val3,ok
always ( pred1 and pred2 -> eventually (pred3) ),"While pred1 and pred2, then at a certain time point in the future before the end of the simulation pred3 must eventually hold.",temporal_response,pred1 = sig1 >= val1; pred2 = sig1 <= val2; pred3 = sig2 == val3,ok
always ( pred1 -> pred2 and pred3 ),"Globally, during the interval that pred1, then the following condition is true: pred2 and pred3 at the same time.",immediate_response,pred1 = sig1 < val1; pred2 = sig2 > val2; pred3 = sig2 < val3,ok
always ( fall (pred1 and pred2) -> (pred3) since (pred4) ),"It is always the case that everytime when fall(pred1 and pred2) happens then consistently pred3 has been holding since pred4, which should get detected at a certain moment in the past from the start of the execution.",temporal_response,pred1 = sig1 >= val1; pred2 = sig1 < val2; pred3 = sig2 > val3; pred4 = sig3 > val4,ok
always (pred1),"In the future till the execution ends, pred1 shall always hold.",invariance_reachability,pred1 = sig1 == sig2,ok
eventually [t1:t2] ((pred1 and pred2) and pred3),"At a time during the first t1 to t2 time units, (pred1 and pred2) and pred3 ought to hold.",invariance_reachability,pred1 = sig1 >= val1; pred2 = sig1 <= val2; pred3 = sig2 >= val3,ok
always [0:t1] (pred1 and pred2),"In the first t1 time units, pred1 and pred2 must consistently hold.",invariance_reachability,pred1 = sig1 == val1; pred2 = sig2 == val2,ok
always ( pred1 and pred2 -> (pred3) until [0:t1] (pred4) ),"Everytime when pred1 and pred2, then pred3 needs to stay true continuously until, within the following t1 time units, pred4 becomes true.",temporal_response,pred1 = sig1 == val1; pred2 = sig2 == val2; pred3 = sig3 > val3; pred4 = sig4 < val4,ok
always ( not (pred1) -> eventually [t1:t2] (pred2) ),"Globally, in case that not (pred1) then the following condition holds: eventually there exists a certain moment in the following t1 to t2 time units, at which pred2 ought to hold.",temporal_response,pred1 = sig1 <= val1; pred2 = sig2 < val2,ok
always ( rise (pred1) -> always [0:t1] (eventually [0:t2] (pred2)) ),"It is always the case that when rise(pred1) occurs, then for each time point within the following t1 time units there should exist a time within the following t2 time units at which pred2 holds.",stabilization_recurrence,pred1 = sig1 < val1; pred2 = sig2 == val2,ok
always ( once [0:t1] (pred1) -> always [0:t2] (pred2 and pred3) ),It is always the case that in case that once pred1 at sometime in the last t1 time units then the following condition is true: pred2 and pred3 and then this condition has to keep without interruption for every time instant in the coming t2 time units.,temporal_response,pred1 = sig1 == sig2; pred2 = sig3 > val1; pred3 = sig3 < val2,ok
always ( fall (pred1) -> pred2 and (pred3 and pred4) ),"Globally, whenever fall(pred1) occurs, then all of the following conditions are true: at once pred2, and at once (pred3 and pred4).",immediate_response,pred1 = sig1 == sig2; pred2 = sig3 > val1; pred3 = sig4 > val2; pred4 = sig4 < val3,ok
always ( rise (pred1) -> always (pred2) ),On condition that rise(pred1) then in response pred2 shall continue consecutively in the future before the end of the simulation.,temporal_response,pred1 = sig1 <= val1; pred2 = sig2 == sig3,ok
always ( rise (pred1) -> rise (pred2) ),Everytime when rise(pred1) occurs then the following condition is true: at the same time instant rise(pred2) shall happen.,immediate_response,pred1 = sig1 >= val1; pred2 = sig2 >= val2,ok
always [t1:t2] (pred1),"For the first t1 to t2 time units, pred1 must hold all the time.",invariance_reachability,pred1 = sig1 >= val1,ok
always ( rise (pred1) -> always [t1:t2] (eventually [t3:t4] (rise (pred2))) ),"If rise(pred1) gets observed, then the following condition is true: for every time point within the next t1 to t2 time units, at sometime within the coming t3 to t4 time units, rise(pred2) will have to eventually take place.",stabilization_recurrence,pred1 = sig1 == sig2; pred2 = sig3 == sig4,ok
eventually [t1:t2] (pred1),Finally pred1 needs to hold at sometime within t1 to t2 time units.,invariance_reachability,pred1 = sig1 == sig2,ok
always ( pred1 -> pred2 and rise (pred3) ),"Everytime when pred1 then all of the following conditions hold immediately: pred2, and rise(pred3).",immediate_response,pred1 = sig1 < val1; pred2 = sig2 < val2; pred3 = sig3 < val3,ok
always ( pred1 -> always [0:t1] (eventually [0:t2] (pred2)) ),"In the case pred1, then all of the following conditions are true: for every time point within the subsequent t1 time units, there is sometime in less than t2 time units at which pred2 finally.",stabilization_recurrence,pred1 = sig1 <= val1; pred2 = sig2 <= val2,ok
always (pred1),"In the future until the end of the simulation, pred1 should hold continuously.",invariance_reachability,pred1 = sig1 <= val1,ok
eventually [0:t1] (pred1),"There ultimately exists a certain time point in the first t1 time units, at which pred1 holds.",invariance_reachability,pred1 = sig1 == val1,ok
always ( rise (pred1 and pred2) -> always [0:t1] (eventually [0:t2] (rise (pred3))) ),"In case that rise(pred1 and pred2) occurs, then all of the following conditions are true: for each moment within the coming t1 time units there should exist sometime during the first t2 time units, at which ultimately rise(pred3) will be detected.",stabilization_recurrence,pred1 = sig1 >= val1; pred2 = sig1 < val2; pred3 = sig2 == val3,ok
always ( rise (pred1) -> (pred2) until [0:t1] (pred3) ),"Globally, whenever rise(pred1) takes place then the following condition is true: pred3 ultimately at a certain time point during the coming t1 time units, and before that pred2 will have to remain consistently.",temporal_response,pred1 = sig1 <= val1; pred2 = sig2 == sig3; pred3 = sig4 == sig5,ok
always ( fall (pred1 and pred2) -> rise (pred3 and pred4) and pred5 ),"In the case fall(pred1 and pred2) then all of the following conditions hold: rise(pred3 and pred4) shall happen right away, and at the same time point pred5.",immediate_response,pred1 = sig1 >= val1; pred2 = sig1 <= val2; pred3 = sig2 >= val3; pred4 = sig2 <= val4; pred5 = sig3 == val5,ok
eventually [0:t1] (pred1 or pred2),"Within the first t1 time units, eventually (pred1 or pred2) holds.",invariance_reachability,pred1 = sig1 >= val1; pred2 = sig2 <= val2,ok
eventually [t1:t2] (pred1 and pred2),"At a certain moment in the first t1 to t2 time units, pred1 and pred2 ultimately hold.",invariance_reachability,pred1 = sig1 > val1; pred2 = sig2 <= val2,ok
always ( pred1 and pred2 -> (pred3) until [0:t1] (rise (pred4)) ),"It is always the case that if pred1 and pred2 then the following condition is true: rise(pred4) is detected ultimately at a certain time point within the coming t1 time units, before this pred3 must consecutively remain true.",temporal_response,pred1 = sig1 > val1; pred2 = sig1 <= val2; pred3 = sig2 >= val3; pred4 = sig3 == sig4,ok
always ( rise (pred1 and pred2) -> always [0:t1] (eventually [t2:t3] (pred3)) ),"On condition that rise(pred1 and pred2) gets observed, then for each moment during the coming t1 time units, there should exist a certain time point during the following t2 to t3 time units ultimately, at which pred3 holds.",stabilization_recurrence,pred1 = sig1 > t1.7; pred2 = sig1 < val2; pred3 = sig2 > val3,ok
always (pred1 and pred2),In the future until the execution ends pred1 and pred2 ought to hold all the time.,invariance_reachability,pred1 = sig1 > val1; pred2 = sig1 < val2,ok
always ( rise (pred1) -> (pred2) until (rise (pred3)) ),"Globally, if rise(pred1) occurs, then in response pred2 will consistently remain true until rise(pred3) happens at some future moment before execution ends.",temporal_response,pred1 = sig1 > val1; pred2 = sig2 == val2; pred3 = sig3 == sig4,ok
always ( rise (pred1) -> eventually [t1:t2] (not (pred2)) ),"It is always the case that whenever rise(pred1) is observed, then at sometime within t1 to t2 time units, not (pred2) eventually holds.",temporal_response,pred1 = sig1 <= val1; pred2 = sig2 == sig3,ok
always ( once [t1:t2] (pred1 and pred2) -> eventually [0:t3] (always (pred3)) ),"Globally, if once (pred1 and pred2) held at a certain time instant in the elapsed t1 to t2 time units, then eventually during the first t3 time units, pred3 should hold and remain uninterruptedly in the future.",stabilization_recurrence,pred1 = sig1 > val1; pred2 = sig1 < val2; pred3 = sig2 == sig3,ok
always ( fall (pred1 and pred2) -> pred3 and pred4 ),It is always the case that everytime when fall(pred1 and pred2) is detected then the following condition holds at once: pred3 and pred4.,immediate_response,pred1 = sig1 > val1; pred2 = sig1 < val2; pred3 = sig2 > val3; pred4 = sig2 < val4,ok
always [t1:t2] (not rise (pred1)),"For each time point in the first t1 to t2 time units, consecutively rise(pred1) won't get observed.",invariance_reachability,pred1 = sig1 >= val1,ok
always ( rise (pred1) -> (pred2 and pred3) or pred4 ),"Globally, in case that rise(pred1) gets detected, then the following condition holds: (pred2 and pred3) at the same time point, or pred4 at the same time point.",immediate_response,pred1 = sig1 > val1; pred2 = sig2 >= val2; pred3 = sig2 <= val3; pred4 = sig3 >= val4,ok
eventually [0:t1] (pred1 and (pred2 and pred3)),There is a certain time point during the first t1 time units at which pred1 and (pred2 and pred3) finally hold.,invariance_reachability,pred1 = sig1 > val1; pred2 = sig2 >= val2; pred3 = sig2 <= val3,ok
eventually (rise (pred1)),"There shall be a certain moment in the future before the end of the execution, at which rise(pred1) has to take place finally.",invariance_reachability,pred1 = sig1 == val1,ok
always ( pred1 or pred2 -> always [0:t1] (eventually [0:t2] (fall (pred3 and pred4))) ),"It is always the case that if pred1 or pred2 then all of the following conditions hold: for every moment in the first t1 time units, there will be a certain time instant within the coming t2 time units at which fall(pred3 and pred4) needs to be detected.",stabilization_recurrence,pred1 = sig1 >= val1; pred2 = sig2 == sig3; pred3 = sig4 > val2; pred4 = sig4 < val3,ok
always [t1:t2] (pred1),pred1 has to hold consistently for every time instant during the first t1 to t2 time units.,invariance_reachability,pred1 = sig1 == val1,ok
always ( rise (pred1 and pred2) -> not (always [t1:t2] (pred3)) ),"Globally, everytime when rise(pred1 and pred2), then in response not (always [t1:t2] (pred3)) during the following t1 to t2 time units.",temporal_response,pred1 = sig1 > val1; pred2 = sig1 < val2; pred3 = sig2 == sig3,ok
always ( pred1 -> eventually (always [0:t1] (pred2)) ),"It is always the case that while pred1, then ultimately there is a certain time instant in the future, after which pred2 holds continuously for every moment within the following t1 time units.",stabilization_recurrence,pred1 = sig1 <= val1; pred2 = sig2 == sig3,ok
always (pred1),pred1 has to hold continuously in the future till the simulation ends.,invariance_reachability,pred1 = sig1 <= val1,ok
eventually [0:t1] (rise (pred1 and pred2)),"At a time in less than t1 time units, ultimately rise(pred1 and pred2) is observed.",invariance_reachability,pred1 = sig1 >= val1; pred2 = sig1 <= val2,ok
always ( pred1 -> eventually [t1:t2] (pred2) ),In the case pred1 then pred2 needs to hold ultimately at a certain time instant during the next t1 to t2 time units.,temporal_response,pred1 = sig1 == val1; pred2 = sig2 == sig3,ok
always ( pred1 and pred2 -> eventually [0:t1] (always [0:t2] (pred3 and pred4)) ),"Globally, whenever pred1 and pred2, then in response ultimately there ought to exist a time within t1 time units, at which pred3 and pred4 ought to hold all the time for each moment within the coming t2 time units.",stabilization_recurrence,pred1 = sig1 == sig2; pred2 = sig3 < val1; pred3 = sig4 >= val2; pred4 = sig4 <= val3,ok
always [0:t1] (not (pred1) or pred2),"For each time point within the first t1 time units, consistently not (pred1), or pred2 holds uninterruptedly.",invariance_reachability,pred1 = sig1 == val1; pred2 = sig2 > val2,ok
always [0:t1] (pred1 and pred2),"For each time point within t1 time units, pred1 and pred2 will consecutively hold.",invariance_reachability,pred1 = sig1 >= val1; pred2 = sig1 <= val2,ok
always ( historically [0:t1] (pred1) -> always [0:t2] (not (pred2)) ),"Everytime when pred1 has held continuously in the last t1 time units, then the following condition holds: not (pred2) and this condition will be continuing consistently for each time instant within t2 time units.",temporal_response,pred1 = sig1 == sig2; pred2 = sig3 == sig4,ok
eventually [0:t1] (pred1 and pred2),"There must be finally sometime starting at most t1 time units, at which pred1 and pred2.",invariance_reachability,pred1 = sig1 >= val1; pred2 = sig1 <= val2,ok
always ( rise (pred1) -> always [0:t1] (eventually [0:t1] (pred2)) ),"On condition that rise(pred1) is observed, then in response for every moment during the following t1 time units, there needs to exist sometime during the subsequent t1 time units ultimately, at which pred2 holds.",stabilization_recurrence,pred1 = sig1 == val1; pred2 = sig2 == val2,ok
always ( fall (pred1 and pred2) -> always [t1:t2] (pred3) ),"Globally, in case that fall(pred1 and pred2), then pred3 should hold at every time point within t1 to t2 time units.",temporal_response,pred1 = sig1 > val1; pred2 = sig1 < val2; pred3 = sig2 == val3,ok
always ( not (pred1) or pred2 -> always [0:t1] (eventually [0:t2] (fall (pred3 and pred4))) ),"It is always the case that whenever not (pred1), or pred2, then for every moment within the coming t1 time units, eventually within the subsequent t2 time units, fall(pred3 and pred4) should occur.",stabilization_recurrence,pred1 = sig1 >= val1; pred2 = sig2 == val2; pred3 = sig3 >= val3; pred4 = sig3 <= val4,ok
always ( rise (pred1) -> fall (pred2 and pred3) and not (pred4) ),"Globally, if rise(pred1) is detected, then in response fall(pred2 and pred3) has to occur at once and instantly not (pred4) should hold.",immediate_response,pred1 = sig1 > val1; pred2 = sig2 > val2; pred3 = sig2 < val3; pred4 = sig3 < val4,ok
always ( rise (pred1) -> eventually [t1:t2] (pred2) ),"In case that rise(pred1) happens, then in response at a certain time point within the subsequent t1 to t2 time units, eventually pred2 needs to hold.",temporal_response,pred1 = sig1 > val1; pred2 = sig2 >= val2,ok
always ( not rise (pred1) or pred2 -> pred3 ),"While not rise(pred1), or pred2, then pred3 holds immediately.",immediate_response,pred1 = sig1 == val1; pred2 = sig2 < val2; pred3 = sig3 >= val3,ok
always ( pred1 -> pred2 ),"It is always the case that in case that pred1, then the following condition holds: simultaneously pred2.",immediate_response,pred1 = sig1 >= val1; pred2 = sig2 >= val2,ok
always ( rise (pred1) -> (pred2) until [t1:t2] (pred3) ),"It is always the case that if rise(pred1) gets detected, then pred2 will hold until [t1:t2] pred3 is detected.",temporal_response,pred1 = sig1 >= val1; pred2 = sig2 < val2; pred3 = sig3 < val3,ok
always ( rise (pred1 and pred2) -> always [t1:t2] (eventually [0:t3] (pred3)) ),It is always the case that if rise(pred1 and pred2) gets detected then the following condition is true: for every time instant in the next t1 to t2 time units there should be a certain moment in the next t3 time units at which pred3 holds.,stabilization_recurrence,pred1 = sig1 >= val1; pred2 = sig1 <= val2; pred3 = sig2 >= val3,ok
eventually [0:t1] (pred1),"At a certain time instant during the first t1 time units, pred1 ultimately.",invariance_reachability,pred1 = sig1 >= val1,ok
always ( pred1 or (pred2 and pred3) -> once [0:t1] (pred4) ),"In the case pred1, or pred2 and pred3, then the following condition is true: once [0:t1] (pred4).",temporal_response,pred1 = sig1 <= val1; pred2 = sig2 > val2; pred3 = sig2 < val3; pred4 = sig3 >= val4,ok
always ( fall (pred1) -> eventually [0:t1] (pred2) ),"Globally, if fall(pred1) gets observed then all of the following conditions hold: there will have to exist a certain time instant within t1 time units, at which pred2 will hold.",temporal_response,pred1 = sig1 == sig2; pred2 = sig3 >= t1,ok
always [0:t1] (not (pred1) and pred2),"For each time instant within the first t1 time units, uninterruptedly not (pred1) and pred2.",invariance_reachability,pred1 = sig1 < val1; pred2 = sig2 < val2,ok
always ( pred1 and pred2 -> not ((not (pred3 and pred4)) since [0:t1] (not fall (pred5 and pred6))) ),"Globally, when pred1 and pred2, then the subsequent condition must not be true: not (pred3 and pred4) since [0:t1] not fall(pred5 and pred6).",temporal_response,pred1 = sig1 > val1; pred2 = sig1 < val2; pred3 = sig2 >= t1; pred4 = sig2 <= val2; pred5 = sig3 >= val4; pred6 = sig3 <= val5,ok
always ( (pred1 and pred2) or not (pred3) -> rise (pred4 and pred5) ),"Globally, when (pred1 and pred2) or not (pred3), then right away rise(pred4 and pred5) shall get observed.",immediate_response,pred1 = _ > val1; pred2 = _ < val2; pred3 = sig1 > val3; pred4 = sig2 > val4; pred5 = sig2 < val5,ok
always ( rise (pred1) -> (pred2 and pred3) until [0:t1] (not fall (pred4)) ),"It is always the case that whenever rise(pred1) occurs, then not fall(pred4) occurs within less than t1 time units, and until then pred2 and pred3 shall hold.",temporal_response,pred1 = sig1 == val1; pred2 = sig2 >= val2; pred3 = sig2 < val3; pred4 = sig3 == val4,ok
always ( always (pred1) -> always [0:t1] (pred2 and pred3) ),"Globally, in case that pred1 remains holding in the future till the simulation ends, then pred2 and pred3 will be consecutively holding for each time point during the next t1 time units.",temporal_response,pred1 = sig1 < val1; pred2 = sig2 >= val2; pred3 = sig2 <= val3,ok
always ( rise (pred1) -> eventually [0:t1] (always [0:t2] (pred2)) ),"If the transition action rise(pred1) takes place then the following condition holds: there will have to eventually exist a time after at most t1 time units, at which pred2 then this condition will have to sustain for each moment during the subsequent t2 time units.",stabilization_recurrence,pred1 = sig1 < val1; pred2 = sig2 == val2,ok
eventually (pred1),There must be a time in the future before the execution ends at which pred1 holds.,invariance_reachability,pred1 = sig1 == val1,ok
always ( rise (pred1) -> eventually [0:t1] (fall (pred2 and pred3)) ),"Globally, in case that rise(pred1) gets detected then there has to be a time starting at most t1 time units, at which fall(pred2 and pred3) shall be observed eventually.",temporal_response,pred1 = sig1 == sig2; pred2 = sig3 >= val1; pred3 = sig3 <= val2,ok
always [0:t1] (not (pred1)),pred1 ought not to hold for every moment within t1 time units.,invariance_reachability,pred1 = sig1 >= val1,ok
always ( rise (pred1) -> always [0:t1] (pred2) ),"Globally, in case that rise(pred1) takes place then the following condition is true: without interruption pred2 within the next t1 time units.",temporal_response,pred1 = sig1 < val1; pred2 = sig2 > t1,ok
always ( pred1 -> pred2 ),"Globally, in case that pred1 then the following condition holds: promptly pred2.",immediate_response,pred1 = sig1 == val1; pred2 = sig2 == sig3,ok
always ( rise (pred1 and pred2) -> once (rise (pred3)) ),"It is always the case that if rise(pred1 and pred2) is detected, then there needed to be a certain time instant in the past starting from the beginning of the execution at which once rise(pred3) occurred.",temporal_response,pred1 = sig1 > val1; pred2 = sig1 <= val2; pred3 = sig2 == sig3,ok
always ( fall (pred1 and pred2) and pred3 -> always [0:t1] (eventually [0:t2] (rise (pred4))) ),"Everytime when fall(pred1 and pred2) happens and pred3 holds then for each time instant during the subsequent t1 time units, there shall be eventually a certain moment in the subsequent t2 time units, at which rise(pred4) has to be detected.",stabilization_recurrence,pred1 = sig1 > val1; pred2 = sig1 < val2; pred3 = sig2 >= t1; pred4 = sig3 < val4,ok
always ( pred1 or not (pred2) -> (pred3) since [t1:t2] (pred4 and pred5) ),"It is always the case that while pred1 or not (pred2), then pred3 must hold without interruption since pred4 and pred5, which must once be detected between t1 and t2 time units before.",temporal_response,pred1 = sig1 <= val1; pred2 = sig2 > val2; pred3 = sig3 > val3; pred4 = sig4 > val4; pred5 = sig4 < val5,ok
always ( fall (pred1) -> always [t1:t2] (eventually [t3:t4] (rise (pred2))) ),"Globally, if fall(pred1) is detected, then for every moment within the following t1 to t2 time units, at a certain time point in the following t3 to t4 time units, eventually rise(pred2) must take place.",stabilization_recurrence,pred1 = sig1 == sig2; pred2 = sig3 >= val1,ok
always ( fall (pred1 and pred2) -> pred3 or pred4 ),"It is always the case that in case fall(pred1 and pred2) occurs then in response pred3 needs to hold without any delay, or at the same time point pred4 holds.",immediate_response,pred1 = sig1 > val1; pred2 = sig1 < val2; pred3 = sig2 >= val3; pred4 = sig3 >= val4,ok
always ( rise (pred1) -> always [0:t1] (eventually [0:t2] (pred2)) ),"When rise(pred1) occurs, then in response for every moment within t1 time units, eventually within the coming t2 time units pred2 must hold.",stabilization_recurrence,pred1 = sig1 < val1; pred2 = sig2 < val2,ok
always ( rise (pred1) -> pred2 ),"Globally, whenever rise(pred1) is detected, then pred2 has to hold immediately.",immediate_response,pred1 = sig1 > val1; pred2 = sig2 < val2,ok
always ( rise (pred1) -> pred2 ),On condition that rise(pred1) is detected then pred2 holds at the same moment.,immediate_response,pred1 = sig1 == sig2; pred2 = sig3 < val1,ok
eventually [0:t1] (pred1 and pred2),There shall exist a certain moment during the first t1 time units at which pred1 and pred2 hold.,invariance_reachability,pred1 = sig1 > val1; pred2 = sig2 == val2,ok
always ( fall (pred1 and pred2) -> not fall (always (not (pred3))) ),"Globally, whenever fall(pred1 and pred2) gets detected, then in response always(not(pred3)) shall not change from true to false before execution ends.",temporal_response,pred1 = sig1 > val1; pred2 = sig1 < val2; pred3 = sig2 <= val3,ok
always [t1:t2] (pred1),pred1 will have to remain true all the time during the first t1 to t2 time units.,invariance_reachability,pred1 = sig1 > val1,ok
eventually [0:t1] (pred1),pred1 will have to hold finally at a certain time point starting at most t1 time units.,invariance_reachability,pred1 = sig1 <= val1,ok
eventually [0:t1] (pred1),"Ultimately there will exist a certain time instant in the first t1 time units, at which pred1.",invariance_reachability,pred1 = sig1 == sig2,ok
always ( pred1 and pred2 -> pred3 ),When pred1 and pred2 then the following condition is true at once: pred3.,immediate_response,pred1 = sig1 == val1; pred2 = sig2 == sig3; pred3 = sig4 == sig5,ok
eventually (pred1),pred1 ultimately holds at a certain moment in the future.,invariance_reachability,pred1 = sig1 == sig2,ok
always ( pred1 or (pred2 and pred3) -> eventually [t1:t2] (always (pred4)) ),"In the case pred1 or (pred2 and pred3), then all of the following conditions are true: there ought to eventually exist a certain time point within the subsequent t1 to t2 time units, after which pred4 has to remain true continuously in the future till the simulation ends.",stabilization_recurrence,pred1 = sig1 > val1; pred2 = sig2 >= val2; pred3 = sig2 < val3; pred4 = sig3 == val4,ok
always ( pred1 and pred2 -> rise ((pred3 and pred4) until [t1:t2] (not rise (pred5))) ),"In the case pred1 and pred2, then the following condition ought to change from false to true: (pred3 and pred4) remains true uninterruptedly until there exists a time in the first t1 to t2 time units at which not rise(pred5) is detected.",temporal_response,pred1 = sig1 == sig2; pred2 = sig3 == sig4; pred3 = sig5 >= val1; pred4 = sig5 <= val2; pred5 = sig6 >= val3,ok
always ( rise (pred1) -> pred2 and pred3 ),"It is always the case that everytime when rise(pred1) gets observed, then the following condition holds: starting without any delay pred2 and pred3.",immediate_response,pred1 = sig1 > val1; pred2 = sig2 <= val2; pred3 = sig3 > val3,ok
always ( pred1 -> rise (always (not (pred2))) ),"Globally, when pred1 then in response rise(always (not (pred2))) should be observed in the future until the end of the execution.",temporal_response,pred1 = sig1 >= val1; pred2 = sig2 < val2,ok
always ( pred1 and pred2 -> always [t1:t2] (pred3) ),"It is always the case that if pred1 and pred2, then the following condition is true: in the following t1 to t2 time units pred3 needs to hold.",temporal_response,pred1 = sig1 > val1; pred2 = sig1 < val2; pred3 = sig2 >= val3,ok
always ( pred1 and pred2 -> pred3 ),"In case that pred1 and pred2, then the following condition holds: pred3 immediately.",immediate_response,pred1 = sig1 >= val1; pred2 = sig1 <= val2; pred3 = sig2 == val3,ok
always ( not fall (historically [t1:t2] (pred1 and pred2)) -> always (pred3) ),"In case that historically [t1:t2] (pred1 and pred2) does not fall, then always (pred3) holds in the future before the simulation ends.",temporal_response,pred1 = sig1 > val1; pred2 = sig1 < val2; pred3 = sig2 == sig3,ok
always ( rise (pred1) -> always [0:t1] (eventually [0:t2] (rise (pred2))) ),"It is always the case that when rise(pred1) then the following condition is true: for every moment within the first t1 time units, at sometime within the following t2 time units rise(pred2) needs to take place.",stabilization_recurrence,pred1 = sig1 == val1; pred2 = sig2 == val2,ok
always ( rise (pred1) -> eventually (pred2) ),"It is always the case that when rise(pred1) takes place, then eventually pred2 is true before the end of the execution.",temporal_response,pred1 = sig1 == val1; pred2 = sig2 == val2,ok
always ( rise (pred1) -> eventually [0:t1] (always [0:t2] (pred2)) ),"Whenever rise(pred1) gets observed, then ultimately there has to be a certain moment in the next t1 time units, after which pred2 must hold consecutively for the following t2 time units.",stabilization_recurrence,pred1 = sig1 < val1; pred2 = sig2 < val2,ok
always ( fall (pred1) -> pred2 ),"As soon as fall(pred1) happens, then pred2 is true immediately.",immediate_response,pred1 = sig1 == sig2; pred2 = sig3 <= val1,ok
always ( pred1 and not (pred2) -> pred3 ),In the event that pred1 and not (pred2) then the following condition is true: promptly pred3.,immediate_response,pred1 = sig1 == val1; pred2 = sig2 <= val2; pred3 = sig3 <= val3,ok
eventually [0:t1] (rise (pred1 and pred2) and pred3),"There will be a certain time point starting at most t1 time units, at which rise(pred1 and pred2) and pred3.",invariance_reachability,pred1 = sig1 >= val1; pred2 = sig1 <= val2; pred3 = sig2 == sig3,ok
always ( rise (pred1) -> not rise (pred2 and pred3) ),"Globally, if rise(pred1) gets observed then in response at once rise(pred2 and pred3) should not be observed.",immediate_response,pred1 = sig1 <= val1; pred2 = sig2 > val2; pred3 = sig2 < val3,ok
eventually (pred1),"At a certain time instant in the future before the end of the execution, pred1 finally holds.",invariance_reachability,pred1 = sig1 < val1,ok
always ( historically [t1:t2] (pred1) -> eventually (always (not (pred2))) ),"In case that pred1 held without interruption in the last t1 to t2 time units then all of the following conditions hold: there is ultimately a time in the future before the simulation ends, after which in the future before the end of the simulation consecutively not (pred2).",stabilization_recurrence,pred1 = sig1 < val1; pred2 = sig2 >= val2,ok
always ( not (once [t1:t2] (not (pred1))) -> eventually [0:t3] (always [0:t4] (not (pred2 and pred3))) ),"If not (once within the past t1 to t2 time units not (pred1)), then eventually within the next t3 time units, always for the subsequent t4 time units, not (pred2 and pred3).",stabilization_recurrence,pred1 = sig1 < val1; pred2 = sig2 >= val2; pred3 = sig2 <= val3,ok
always [t1:t2] (not fall (pred1)),"For every time instant within the first t1 to t2 time units consecutively, fall(pred1) doesn't get observed.",invariance_reachability,pred1 = sig1 > val1,ok
always ( rise (pred1) -> eventually [0:t1] (always [0:t2] (pred2)) ),"Globally, whenever rise(pred1) takes place then the following condition holds: there will have to exist a certain time instant within t1 time units ultimately, at which pred2 holds continuously in the subsequent t2 time units.",stabilization_recurrence,pred1 = sig1 < val1; pred2 = sig2 == sig3,ok
always (pred1 and pred2),"In the future until the simulation ends, without interruption pred1 and pred2.",invariance_reachability,pred1 = sig1 >= val1; pred2 = sig1 < val2,ok
always ( rise (pred1) -> always [t1:t2] (eventually [t3:t4] (rise (pred2))) ),"Whenever rise(pred1) occurs, then for each moment during the coming t1 to t2 time units, eventually rise(pred2) is detected sometime within t3 to t4 time units.",stabilization_recurrence,pred1 = sig1 < val1; pred2 = sig2 >= val2,ok
always ( rise (pred1) -> always [0:t1] (eventually [0:t2] (pred2 and pred3)) ),"As soon as rise(pred1) is detected, the following condition holds: for every time instant within the following t1 time units, eventually within less than t2 time units, pred2 and pred3.",stabilization_recurrence,pred1 = sig1 >= val1; pred2 = sig2 >= val2; pred3 = sig2 <= val3,ok
always ( fall (pred1 and pred2) -> historically [0:t1] (pred3) ),It is always the case that if fall(pred1 and pred2) is observed then in response historically [0:t1] pred3 must hold in the elapsed t1 time units.,temporal_response,pred1 = sig1 > val1; pred2 = sig1 < t1; pred3 = sig2 >= val3,ok
always ( pred1 -> pred2 or rise (pred3) ),"Everytime when pred1, then pred2 will have to hold at the same time or at the same time instant rise(pred3) must be observed.",immediate_response,pred1 = sig1 < val1; pred2 = sig2 == val2; pred3 = sig3 <= val3,ok
always ( rise (pred1) -> eventually [0:t1] (always (pred2)) ),"If rise(pred1) occurs, then ultimately after a time within the first t1 time units, pred2 continuously holds in the future until the end of the simulation.",stabilization_recurrence,pred1 = sig1 == t1; pred2 = sig2 < val2,ok
always [0:t1] (pred1),pred1 holds for every time point within t1 time units.,invariance_reachability,pred1 = sig1 <= val1,ok
always [0:t1] (not (pred1) or pred2),"For each time point during the first t1 time units, uninterruptedly not (pred1) or pred2 holds consistently.",invariance_reachability,pred1 = sig1 == sig2; pred2 = sig3 == val1,ok
always ( fall (pred1 and pred2) -> always [0:t1] (eventually [0:t2] (fall (pred3))) ),"Globally, in case that fall(pred1 and pred2) is detected, then the following condition holds: for every moment within the first t1 time units, finally fall(pred3) ought to occur within the coming t2 time units.",stabilization_recurrence,pred1 = sig1 > val1; pred2 = sig1 < val2; pred3 = sig2 == val3,ok
eventually [0:t1] (pred1),"There should be a certain time point in less than t1 time units, at which ultimately pred1 holds.",invariance_reachability,pred1 = sig1 < val1,ok
always ( fall (pred1 and pred2) or fall (pred3) -> pred4 and pred5 ),"In case that fall(pred1 and pred2) gets detected or fall(pred3) happens, then all of the following conditions hold at once: pred4 and pred5.",immediate_response,pred1 = sig1 > val1; pred2 = sig1 < val2; pred3 = sig2 == val3; pred4 = sig3 >= val4; pred5 = sig3 <= val5,ok
eventually [0:t1] (pred1 or (pred2 and pred3)),"Within 0 to t1 time units, eventually pred1 or (pred2 and pred3).",invariance_reachability,pred1 = sig1 == val1; pred2 = sig2 > val2; pred3 = sig2 < val3,ok
always ( pred1 -> pred2 ),"It is always the case that whenever pred1, then the following condition holds: in no time pred2.",immediate_response,pred1 = sig1 >= val1; pred2 = sig2 < val2,ok
eventually [t1:t2] (pred1 or not (pred2)),"At a certain time point within the first t1 to t2 time units, pred1 eventually, or not (pred2) ultimately.",invariance_reachability,pred1 = sig1 >= val1; pred2 = sig2 < val2,ok
eventually [0:t1] (pred1 and pred2),"At a time in less than t1 time units, pred1 and pred2 ought to eventually hold.",invariance_reachability,pred1 = sig1 > val1; pred2 = sig2 >= val2,ok
always ( rise (pred1) -> pred2 and pred3 ),In the case rise(pred1) then in response pred2 and pred3 simultaneously.,immediate_response,pred1 = sig1 > val1; pred2 = sig2 == sig3; pred3 = sig4 == sig5,ok
eventually [t1:t2] (pred1 and pred2),pred1 and pred2 will hold finally at a certain time instant during the first t1 to t2 time units.,invariance_reachability,pred1 = sig1 >= val1; pred2 = sig1 <= val2,ok
always ( rise (pred1) -> pred2 ),"Globally, if rise(pred1) is observed, then instantly pred2 must hold.",immediate_response,pred1 = sig1 < val1; pred2 = sig2 <= val2,ok
always ( pred1 -> fall (pred2) ),"It is always the case that in case pred1, then the following condition holds: immediately fall(pred2) shall be detected.",immediate_response,pred1 = sig1 > val1; pred2 = sig2 == val2,ok
always (pred1 or pred2),"In the future until the execution ends, pred1 uninterruptedly or without interruption pred2.",invariance_reachability,pred1 = sig1 < val1; pred2 = sig2 > val2,ok
always ( rise (pred1) -> eventually [0:t1] (always [0:t2] (not (pred2))) ),"It is always the case that if rise(pred1) gets observed then the following condition is true: finally there ought to be a certain time point in less than t1 time units, at which not (pred2) holds and then should keep like that consecutively for every time point in the subsequent t2 time units.",stabilization_recurrence,pred1 = sig1 < val1; pred2 = sig2 == val2,ok
always [0:t1] (pred1 or pred2),"For every moment within t1 time units, pred1 or pred2 needs to consistently hold.",invariance_reachability,pred1 = sig1 == sig2; pred2 = sig3 >= val1,ok
always (pred1 or (pred2 and pred3)),"In the future, consecutively pred1, or pred2 and pred3 will consistently hold.",invariance_reachability,pred1 = sig1 == val1; pred2 = sig2 > val2; pred3 = sig2 < val3,ok
always ( rise (pred1 and pred2) -> pred3 and pred4 ),If the scenario that rise(pred1 and pred2) gets detected then pred3 and pred4 should hold simultaneously.,immediate_response,pred1 = sig1 > val1; pred2 = sig1 <= val2; pred3 = sig2 > val3; pred4 = sig2 < val4,ok
always ( fall (pred1 and pred2) -> pred3 ),On condition that fall(pred1 and pred2) gets observed then the following condition holds: in no time pred3.,immediate_response,pred1 = sig1 > val1; pred2 = sig1 < val2; pred3 = sig2 <= val3,ok
always ( (pred1 and pred2) or rise (pred3) -> always [0:t1] (eventually [0:t2] (pred4)) ),"Whenever pred1 and pred2, or rise(pred3) is detected, then the following condition is true: for every time point in the following t1 time units, within t2 time units pred4 has to eventually hold.",stabilization_recurrence,pred1 = sig1 >= val1; pred2 = sig1 <= val2; pred3 = sig2 < val3; pred4 = sig3 < val4,ok
always [t1:t2] ((pred1 and pred2) or pred3),"Between t1 to t2 time units, (pred1 and pred2) or pred3 shall hold without interruption.",invariance_reachability,pred1 = sig1 > val1; pred2 = sig1 < val2; pred3 = sig2 < val3,ok
always ( rise (pred1 and pred2) -> always (eventually [t1:t2] (rise (pred3))) ),"Globally, in case that rise(pred1 and pred2) is detected, then the following condition holds: for every time instant in the future before the end of the simulation there will have to exist a certain time point starting between t1 to t2 time units eventually, at which rise(pred3) shall happen.",stabilization_recurrence,pred1 = sig1 >= t1.7; pred2 = sig1 <= t2.52; pred3 = sig2 == sig3,ok
eventually [0:t1] (pred1),There will have to exist sometime within the first t1 time units at which pred1 ultimately holds.,invariance_reachability,pred1 = sig1 == val1,ok
always ( rise (pred1) -> not (always [0:t1] (pred2)) ),If rise(pred1) takes place then not (always [0:t1] (pred2)).,temporal_response,pred1 = sig1 == sig2; pred2 = sig3 == sig4,ok
always ( pred1 and (pred2 and pred3) -> eventually [0:t1] (not rise (pred4)) ),"Globally, during the interval that pred1 and (pred2 and pred3), then all of the following conditions hold: there should ultimately exist sometime within the first t1 time units, at which not rise(pred4).",temporal_response,pred1 = sig1 <= val1; pred2 = sig2 >= val2; pred3 = sig2 <= val3; pred4 = sig3 > val4,ok
always ( historically (pred1) -> not (once (pred2)) ),"On condition that historically (pred1), then in response there must not be once (pred2).",temporal_response,pred1 = sig1 == sig2; pred2 = sig3 < val1,ok
eventually (pred1 and pred2),"At a certain time point in the future before the simulation ends, pred1 and pred2 eventually hold.",invariance_reachability,pred1 = sig1 > val1; pred2 = sig2 <= val2,ok
always ( rise (pred1) -> pred2 ),"If rise(pred1) is observed, then pred2 is true at once.",immediate_response,pred1 = sig1 == val1; pred2 = sig2 > val2,ok
always ( rise (pred1) -> eventually (always [0:t1] (pred2)) ),"Whenever rise(pred1) is detected, then all of the following conditions hold: there will finally exist a certain moment in the future before the simulation ends, after which for every moment in the next t1 time units pred2 holds consecutively.",stabilization_recurrence,pred1 = sig1 >= val1; pred2 = sig2 <= val2,ok
always ( rise (pred1) or pred2 -> pred3 or pred4 ),On condition that rise(pred1) or pred2 then the following condition is true right away: pred3 or pred4.,immediate_response,pred1 = sig1 > val1; pred2 = sig2 < val2; pred3 = sig3 == val3; pred4 = sig4 <= val2,ok
always ( rise (pred1 and pred2) -> eventually [0:t1] (pred3) ),"It is always the case that when rise(pred1 and pred2) happens, then in response there will have to ultimately exist a certain time point within the first t1 time units, at which pred3 holds.",temporal_response,pred1 = sig1 >= val1; pred2 = sig1 <= val2; pred3 = sig2 == sig3,ok
always ( rise (pred1) -> pred2 ),"On condition that rise(pred1) is observed, then in response promptly pred2 shall hold.",immediate_response,pred1 = sig1 < val1; pred2 = sig2 >= val2,ok
always [0:t1] (pred1 and pred2),"For each time instant within t1 time units, pred1 and pred2 will have to hold consistently.",invariance_reachability,pred1 = sig1 == sig2; pred2 = sig3 >= val1,ok
always ( rise (pred1) or rise (pred2) -> always [t1:t2] (pred3) ),"It is always the case that if rise(pred1) happens, or rise(pred2) is detected, then the following condition is true: pred3 and this scenario must remain for every time instant in the coming t1 to t2 time units.",temporal_response,pred1 = sig1 == val1; pred2 = sig2 <= val2; pred3 = sig3 == val3,ok
eventually [0:t1] (not rise (pred1) and fall (pred2)),"At a certain time point during the first t1 time units, not rise(pred1) and fall(pred2) are detected.",invariance_reachability,pred1 = sig1 == sig2; pred2 = sig3 == val1,ok
eventually [0:t1] (pred1),Ultimately pred1 at sometime after at most t1 time units.,invariance_reachability,pred1 = sig1 <= val1,ok
always [t1:t2] (pred1),The pred1 condition shall hold without interruption between t1 to t2 time units.,invariance_reachability,pred1 = sig1 == val1,ok
eventually [0:t1] (rise (pred1 and pred2) or pred3),"At a certain moment in the first t1 time units, eventually rise(pred1 and pred2) shall take place or pred3 holds.",invariance_reachability,pred1 = sig1 >= val1; pred2 = sig1 <= val2; pred3 = sig2 == val3,ok
eventually (rise (pred1)),"There has to be a certain moment in the future before the simulation ends finally, at which rise(pred1) occurs.",invariance_reachability,pred1 = sig1 == val1,ok
always ( fall (pred1) -> eventually [t1:t2] (always (pred2)) ),"It is always the case that in case that fall(pred1) takes place, then in response there has to exist a certain time instant within the first t1 to t2 time units, at which pred2 has to hold consistently in the future until the end of the simulation.",stabilization_recurrence,pred1 = sig1 == val1; pred2 = sig2 == val2,ok
eventually [t1:t2] (rise (pred1) or (pred2 and pred3)),"At a certain moment starting between t1 to t2 time units, rise(pred1) will have to be finally detected, or pred2 and pred3.",invariance_reachability,pred1 = sig1 <= val1; pred2 = sig2 >= val2; pred3 = sig2 <= val3,ok
always ( fall (pred1 and pred2) -> once [t1:t2] (not fall (pred3)) ),It is always the case that when fall(pred1 and pred2) gets detected then all of the following conditions hold: at a time within the last t1 to t2 time units not fall(pred3) must once occur.,temporal_response,pred1 = sig1 >= val1; pred2 = sig1 < val2; pred3 = sig2 >= val3,ok
always ( rise (pred1) -> always [0:t1] (pred2) ),"In case that rise(pred1) gets observed, then the following condition holds: pred2 needs to consistently hold for every moment in the following t1 time units.",temporal_response,pred1 = sig1 > val1; pred2 = sig2 >= val2,ok
always ( pred1 and pred2 -> pred3 and pred4 ),"When pred1 and pred2, then the following condition is true: at once pred3 and at once pred4.",immediate_response,pred1 = sig1 >= val1; pred2 = sig2 < val2; pred3 = sig3 == sig4; pred4 = sig5 == val3,ok
always [t1:t2] (pred1 and pred2),"For every moment within the first t1 to t2 time units consecutively pred1, and consistently pred2.",invariance_reachability,pred1 = sig1 == sig2; pred2 = sig3 >= val1,ok
always ( rise (pred1 and pred2) -> always (eventually [t1:t2] (fall (pred3))) ),"On condition that rise(pred1 and pred2) gets detected, then the following condition holds: for every moment in the future before the end of the execution, there must exist a certain time point in the coming t1 to t2 time units at which fall(pred3) occurs.",stabilization_recurrence,pred1 = sig1 >= val1; pred2 = sig1 <= val2; pred3 = sig2 == sig3,ok
always ( pred1 or rise (pred2) -> pred3 ),It is always the case that in case that pred1 or rise(pred2) gets observed then without any delay pred3.,immediate_response,pred1 = sig1 == val1; pred2 = sig2 == val2; pred3 = sig3 == sig4,ok
always ( pred1 and pred2 -> pred3 ),It is always the case that if pred1 and pred2 then all of the following conditions are true: pred3 at the same moment.,immediate_response,pred1 = sig1 > val1; pred2 = sig1 < val2; pred3 = sig2 == val3,ok
eventually [t1:t2] (rise (pred1)),The event rise(pred1) will finally take place at a certain moment starting between t1 to t2 time units.,invariance_reachability,pred1 = sig1 == val1,ok
always ( fall (pred1) -> eventually [0:t1] (always [0:t2] (pred2)) ),"In the case fall(pred1) takes place, then the following condition holds: ultimately after a certain time instant in the subsequent t1 time units pred2 ought to hold for every moment within t2 time units.",stabilization_recurrence,pred1 = sig1 == val1; pred2 = sig2 == sig3,ok
eventually [0:t1] (pred1),"At a certain moment during the first t1 time units, eventually pred1 will have to hold.",invariance_reachability,pred1 = sig1 == val1,ok
always [0:t1] (pred1),Continuously pred1 needs to hold for more than t1 time units.,invariance_reachability,pred1 = sig1 == val1,ok
always ( pred1 -> eventually [0:t1] (always [0:t2] (pred2)) ),"Globally, if pred1 holds, then there eventually exists a time within the coming t1 time units, after which for the coming t2 time units pred2 holds continuously.",stabilization_recurrence,pred1 = sig1 < val1; pred2 = sig2 == val1,ok
eventually [0:t1] (rise (pred1 and pred2)),At a certain time point within the first t1 time units the transition action rise(pred1 and pred2) has to happen finally.,invariance_reachability,pred1 = sig1 > val1; pred2 = sig1 < val2,ok
eventually (rise (pred1 and pred2) and pred3),"There must exist a certain time point in the future, at which rise(pred1 and pred2) shall get observed eventually, and ultimately pred3.",invariance_reachability,pred1 = sig1 > val1; pred2 = sig1 < val2; pred3 = sig2 < val2,ok
eventually (pred1 or pred2),There ought to be sometime in the future before the end of the execution at which eventually pred1 or finally pred2.,invariance_reachability,pred1 = sig1 == sig2; pred2 = sig3 <= val1,ok
always (not rise (pred1) and pred2),"In the future before the simulation ends, rise(pred1) is consistently not detected, and consecutively pred2 will have to hold.",invariance_reachability,pred1 = sig1 == sig2; pred2 = sig3 <= val1,ok
always ( pred1 -> pred2 ),"It is always the case that when pred1, then in response pred2 has to hold immediately.",immediate_response,pred1 = sig1 == val1; pred2 = sig2 == val2,ok
always ( rise (pred1) -> always [0:t1] (eventually [0:t2] (fall (pred2))) ),"In case that rise(pred1) occurs then the following condition is true: for every time point in the coming t1 time units, within the next t2 time units, fall(pred2) ought to happen eventually.",stabilization_recurrence,pred1 = sig1 <= val1; pred2 = sig2 == val2,ok
always ( pred1 or rise (pred2) -> eventually [t1:t2] (always [0:t3] (pred3 and pred4)) ),"When pred1, or rise(pred2) gets observed, then the following condition holds: after a certain moment within the subsequent t1 to t2 time units, pred3 and pred4 will remain true for every moment in the next t3 time units.",stabilization_recurrence,pred1 = sig1 <= val1; pred2 = sig2 == val2; pred3 = sig3 > val3; pred4 = sig3 < val4,ok
always [0:t1] (not (pred1)),For the first t1 time units continuously pred1 must not hold.,invariance_reachability,pred1 = sig1 < val1,ok
always ( fall (pred1) -> always [0:t1] (eventually [0:t2] (fall (pred2))) ),"Globally, if fall(pred1) gets detected, then for each moment in the coming t1 time units, fall(pred2) must eventually occur within the following t2 time units.",stabilization_recurrence,pred1 = sig1 == val1; pred2 = sig2 == val2,ok
always ( rise (pred1) -> pred2 ),If rise(pred1) occurs then the following condition is true: promptly pred2.,immediate_response,pred1 = sig1 == sig2; pred2 = sig3 <= val1,ok
always ( pred1 and pred2 -> eventually (always [0:t1] (pred3 and pred4)) ),"Whenever pred1 and pred2, then the following condition is true: after a certain moment in the future before the end of the simulation, pred3 and pred4 remains uninterruptedly true for every time instant during the coming t1 time units.",stabilization_recurrence,pred1 = sig1 > val1; pred2 = sig2 > val2; pred3 = sig3 > val3; pred4 = sig3 < val4,ok
always ( pred1 and pred2 -> fall (once [t1:t2] (not fall (pred3))) ),"Globally, while pred1 and pred2, then in response fall(once [t1:t2] (not fall(pred3))) is observed.",temporal_response,pred1 = sig1 > val1; pred2 = sig2 >= val2; pred3 = sig3 == val3,ok
always (pred1 and pred2),"In the future until the simulation ends, pred1 and pred2 will consistently hold.",invariance_reachability,pred1 = sig1 == val1; pred2 = sig2 > val2,ok
always ( rise (pred1) -> always [t1:t2] (pred2) ),"Globally, whenever rise(pred1) is detected, pred2 must hold continuously in the coming t1 to t2 time units.",temporal_response,pred1 = sig1 <= val1; pred2 = sig2 == val2,ok
always ( pred1 -> eventually [0:t1] (always (pred2)) ),In the event that pred1 then the following condition is true: finally after a certain time instant starting at most t1 time units pred2 and then has to always continue like this in the future until the execution ends.,stabilization_recurrence,pred1 = sig1 < val1; pred2 = sig2 == sig3,ok
always [0:t1] (pred1),Without interruption pred1 needs to hold for each moment within t1 time units.,invariance_reachability,pred1 = sig1 == sig2,ok
always [0:t1] (pred1),pred1 always holds for each time instant within the first t1 time units.,invariance_reachability,pred1 = sig1 < val1,ok
always ( rise (pred1) -> eventually [0:t1] (always [0:t2] (pred2)) ),It is always the case that whenever rise(pred1) occurs then there eventually exists a moment within t1 time units at which pred2 holds continuously for the subsequent t2 time units.,stabilization_recurrence,pred1 = sig1 > val1; pred2 = sig2 == sig3,ok
always ( rise (pred1) -> always [0:t1] (eventually [0:t2] (pred2)) ),"Globally, in case that rise(pred1) occurs, then the following condition is true: for each time point during the following t1 time units, there is ultimately a certain moment during the next t2 time units at which pred2 holds.",stabilization_recurrence,pred1 = sig1 >= val1; pred2 = sig2 < val2,ok
always ( pred1 or (pred2 and pred3) -> fall (pred4) and not (pred5) ),"In the event that pred1, or pred2 and pred3, then the following condition holds: fall(pred4) needs to get detected starting without any delay, and at once not (pred5).",immediate_response,pred1 = sig1 > val1; pred2 = sig2 >= val2; pred3 = sig2 <= val3; pred4 = sig3 == val4; pred5 = sig4 <= val5,ok
always ( historically (pred1) -> always [t1:t2] (pred2) ),"Globally, everytime when during the past, pred1 held all the time, then the following condition holds: for each moment within the first t1 to t2 time units pred2 should hold all the time.",temporal_response,pred1 = sig1 > val1; pred2 = sig2 < val2,ok
eventually [0:t1] (pred1),"There will have to be a certain time instant after at most t1 time units, at which ultimately pred1 needs to hold.",invariance_reachability,pred1 = sig1 == val1,ok
eventually [0:t1] (pred1 or pred2),"At sometime during the first t1 time units, pred1 or pred2 will hold.",invariance_reachability,pred1 = sig1 >= val1; pred2 = sig2 == sig3,ok
always ( pred1 or rise (pred2) -> always [t1:t2] (eventually [t3:t4] (pred3)) ),"Globally, if pred1 or rise(pred2) gets observed then in response for each time instant within the following t1 to t2 time units, eventually pred3 shall hold at a certain moment in the next t3 to t4 time units.",stabilization_recurrence,pred1 = sig1 <= val1; pred2 = sig2 > val2; pred3 = sig3 == sig4,ok
always ( pred1 and (pred2 and pred3) -> always [0:t1] (eventually [0:t2] (rise (pred4))) ),"In case that pred1 and pred2 and pred3, then the following condition is true: for every time instant within the following t1 time units finally at a time within the subsequent t2 time units rise(pred4) will occur.",stabilization_recurrence,pred1 = sig1 <= val1; pred2 = sig2 >= val2; pred3 = sig2 <= t2; pred4 = sig3 >= val4,ok
always ( pred1 or pred2 -> eventually [t1:t2] (not (pred3 and pred4)) ),"Globally, whenever pred1 or pred2, then at a certain time point within the next t1 to t2 time units not (pred3 and pred4) ought to hold.",temporal_response,pred1 = sig1 >= val1; pred2 = sig2 <= val2; pred3 = sig3 > val3; pred4 = sig3 < val4,ok
always ( (pred1) since [t1:t2] (pred2) -> eventually [0:t3] (always [0:t4] (pred3)) ),"Globally, whenever (pred1) since [t1:t2] (pred2) holds, then there shall exist a time point within the first t3 time units at which always [0:t4] (pred3) holds.",stabilization_recurrence,pred1 = sig1 == val1; pred2 = sig2 >= val2; pred3 = sig3 <= val3,ok
always (pred1),pred1 needs to hold consistently in the future till the execution ends.,invariance_reachability,pred1 = sig1 == val1,ok
always ( rise (pred1) -> not (eventually [0:t1] (pred2)) ),Whenever rise(pred1) takes place then in response there should not be any time instant during the next t1 time units at which pred2.,temporal_response,pred1 = sig1 > val1; pred2 = sig2 < val2,ok
always ( not fall (pred1) -> fall (pred2) or pred3 ),"Globally, whenever not fall(pred1), then fall(pred2) or pred3 must hold promptly at the same time point.",immediate_response,pred1 = sig1 == sig2; pred2 = sig3 == val1; pred3 = sig4 == sig5,ok
always ( fall (pred1) -> eventually (pred2) ),It is always the case that if fall(pred1) happens then the following condition is true: pred2 finally at a certain time instant in the future before the end of the execution.,temporal_response,pred1 = sig1 == val1; pred2 = sig2 <= val2,ok
always [0:t1] (pred1),pred1 will be continuously true for each time point in the first t1 time units.,invariance_reachability,pred1 = sig1 > val1,ok
eventually [0:t1] (rise (pred1)),"There exists sometime after at most t1 time units finally, at which rise(pred1) has to be detected.",invariance_reachability,pred1 = sig1 >= val1,ok
eventually [t1:t2] ((pred1 and pred2) and pred3),"At a certain moment during the first t1 to t2 time units, (pred1 and pred2) finally holds, and pred3 finally holds.",invariance_reachability,pred1 = sig1 >= val1; pred2 = sig1 <= val2; pred3 = sig2 == val3,ok
always ( rise (pred1) -> pred2 and pred3 ),"Globally, if rise(pred1) then pred2 and pred3 promptly.",immediate_response,pred1 = sig1 <= val1; pred2 = sig2 > val2; pred3 = sig3 <= val3,ok
always ( pred1 or pred2 -> not (pred3 and pred4) and (pred5 and pred6) ),It is always the case that when pred1 or pred2 then in response not (pred3 and pred4) immediately and (pred5 and pred6) promptly.,immediate_response,pred1 = sig1 < val1; pred2 = sig2 >= val2; pred3 = sig3 > val3; pred4 = sig3 < val4; pred5 = sig4 > val5; pred6 = sig4 < val6,ok
always ( pred1 -> pred2 ),"Globally, while pred1 then the following condition is true at once: pred2.",immediate_response,pred1 = sig1 == sig2; pred2 = sig3 <= val1,ok
always ( not (historically (pred1)) -> eventually [0:t1] (always [0:t2] (not (pred2 and pred3))) ),"Globally, if not historically(pred1), then after a certain time instant within the following t1 time units, for every time instant during the coming t2 time units, not (pred2 and pred3) holds all the time.",stabilization_recurrence,pred1 = sig1 >= val1; pred2 = sig2 > val2; pred3 = sig2 < val3,ok
always ( rise (pred1 and pred2) -> (pred3 or pred4) ),"Globally, in case that rise(pred1 and pred2) occurs then promptly (pred3 or pred4).",immediate_response,pred1 = sig1 >= val1; pred2 = sig1 < val2; pred3 = sig2 < val3; pred4 = sig3 == sig4,ok
always ( fall (pred1) -> pred2 ),"Globally, in case that fall(pred1) happens then at once pred2 should hold.",immediate_response,pred1 = sig1 == val1; pred2 = sig2 < val2,ok
always ( pred1 and pred2 -> not (always (pred3 and pred4)) ),"Globally, during the interval that pred1 and pred2, then not (always (pred3 and pred4)) must hold in the future before the end of the simulation.",temporal_response,pred1 = sig1 > val1; pred2 = sig1 < val2; pred3 = sig2 > val3; pred4 = sig2 < val4,ok
always ( (pred1) since [0:t1] (pred2) -> always [t2:t3] (eventually [0:t4] (pred3)) ),"Globally, everytime when there would exist a certain time point within the past t1 time units, at which once pred2, since then pred1 then all of the following conditions hold: for each moment during the coming t2 to t3 time units, sometime in the coming t4 time units pred3 must finally hold.",stabilization_recurrence,pred1 = sig1 == val1; pred2 = sig2 < val2; pred3 = sig3 == val3,ok
always ( pred1 -> always [0:t1] (eventually [0:t2] (rise (pred2))) ),"On condition that pred1 then all of the following conditions hold: for each moment within t1 time units there shall exist sometime in the coming t2 time units, at which rise(pred2) has to get observed eventually.",stabilization_recurrence,pred1 = sig1 == val1; pred2 = sig2 <= val2,ok
always [t1:t2] ((pred1 and pred2) or pred3),"For each moment within the first t1 to t2 time units consecutively, (pred1 and pred2) or pred3 shall hold continuously.",invariance_reachability,pred1 = sig1 > val1; pred2 = sig1 < val2; pred3 = sig2 < val3,ok
always [t1:t2] (pred1),"For every time point within t1 to t2 time units, without interruption pred1 should hold.",invariance_reachability,pred1 = sig1 == val1,ok
always ( rise (pred1) -> eventually [0:t1] (always [0:t2] (pred2)) ),"It is always the case that when rise(pred1), then the following condition holds: there is finally a time in the next t1 time units at which, without interruption for t2 time units, pred2 must hold.",stabilization_recurrence,pred1 = sig1 >= val1; pred2 = sig2 == val2,ok
eventually [0:t1] (not fall (pred1)),"At a certain time instant during the first t1 time units, not fall(pred1) is observed finally.",invariance_reachability,pred1 = sig1 >= val1,ok
